代码,名称,所属省市,邮编
110000,北京市,110,
110100,市辖区,110,
110101,东城区,110,
110102,西城区,110,
110103,崇文区,110,
110104,宣武区,110,
110105,朝阳区,110,
110106,丰台区,110,
110107,石景山区,110,
110108,海淀区,110,
110109,门头沟区,110,
110110,燕山区,110,
110111,房山区,110,
110112,通州区,110,
110113,顺义区,110,
110114,昌平区,110,
110115,大兴区,110,
110116,怀柔区,110,
110117,平谷区,110,
110200,县,110,
110221,昌平县,110,
110222,顺义县,110,
110223,通县,110,
110224,大兴县,110,
110225,房山县,110,
110226,平谷县,110,
110227,怀柔县,110,
110228,密云县,110,
110229,延庆县,110,
120000,天津市,120,
120100,市辖区,120,
120101,和平区,120,
120102,河东区,120,
120103,河西区,120,
120104,南开区,120,
120105,河北区,120,
120106,红桥区,120,
120107,塘沽区,120,
120108,汉沽区,120,
120109,大港区,120,
120110,东丽区,120,
120111,西青区,120,
120112,津南区,120,
120113,北辰区,120,
120114,武清区,120,
120115,宝坻区,120,
120200,县,120,
120221,宁河县,120,
120222,武清县,120,
120223,静海县,120,
120224,宝坻县,120,
120225,蓟县,120,
130000,河北省,130,
130100,石家庄市,130,
130101,市辖区,130,
130102,长安区,130,
130103,桥东区,130,
130104,桥西区,130,
130105,新华区,130,
130106,郊区,130,
130107,井陉矿区,130,
130108,裕华区,130,
130121,井陉县,130,
130122,获鹿县,130,
130123,正定县,130,
130124,栾城县,130,
130125,行唐县,130,
130126,灵寿县,130,
130127,高邑县,130,
130128,深泽县,130,
130129,赞皇县,130,
130130,无极县,130,
130131,平山县,130,
130132,元氏县,130,
130133,赵县,130,
130181,辛集市,130,
130182,藁城市,130,
130183,晋州市,130,
130184,新乐市,130,
130185,鹿泉市,130,
130200,唐山市,130,
130201,市辖区,130,
130202,路南区,130,
130203,路北区,130,
130204,古冶区,130,
130205,开平区,130,
130206,新区,130,
130207,丰南区,130,
130208,丰润区,130,
130221,丰润县,130,
130222,丰南县,130,
130223,滦县,130,
130224,滦南县,130,
130225,乐亭县,130,
130226,迁安县,130,
130227,迁西县,130,
130228,遵化县,130,
130229,玉田县,130,
130230,唐海县,130,
130281,遵化市,130,
130282,丰南市,130,
130283,迁安市,130,
130300,秦皇岛市,130,
130301,市辖区,130,
130302,海港区,130,
130303,山海关区,130,
130304,北戴河区,130,
130305,郊区,130,
130321,青龙满族自治县,130,
130322,昌黎县,130,
130323,抚宁县,130,
130324,卢龙县,130,
130400,邯郸市,130,
130401,市辖区,130,
130402,邯山区,130,
130403,丛台区,130,
130404,复兴区,130,
130406,峰峰矿区,130,
130421,邯郸县,130,
130423,临漳县,130,
130424,成安县,130,
130425,大名县,130,
130426,涉县,130,
130427,磁县,130,
130428,肥乡县,130,
130429,永年县,130,
130430,邱县,130,
130431,鸡泽县,130,
130432,广平县,130,
130433,馆陶县,130,
130434,魏县,130,
130435,曲周县,130,
130481,武安市,130,
130500,邢台市,130,
130501,市辖区,130,
130502,桥东区,130,
130503,桥西区,130,
130504,郊区,130,
130521,邢台县,130,
130522,临城县,130,
130523,内丘县,130,
130524,柏乡县,130,
130525,隆尧县,130,
130526,任县,130,
130527,南和县,130,
130528,宁晋县,130,
130529,巨鹿县,130,
130530,新河县,130,
130531,广宗县,130,
130532,平乡县,130,
130533,威县,130,
130534,清河县,130,
130535,临西县,130,
130581,南宫市,130,
130582,沙河市,130,
130600,保定市,130,
130601,市辖区,130,
130602,新市区,130,
130603,北市区,130,
130604,南市区,130,
130605,郊区,130,
130621,满城县,130,
130622,清苑县,130,
130623,涞水县,130,
130624,阜平县,130,
130625,徐水县,130,
130626,定兴县,130,
130627,唐县,130,
130628,高阳县,130,
130629,容城县,130,
130630,涞源县,130,
130631,望都县,130,
130632,安新县,130,
130633,易县,130,
130634,曲阳县,130,
130635,蠡县,130,
130636,顺平县,130,
130637,博野县,130,
130638,雄县,130,
130681,涿州市,130,
130682,定州市,130,
130683,安国市,130,
130684,高碑店市,130,
130700,张家口市,130,
130701,市辖区,130,
130702,桥东区,130,
130703,桥西区,130,
130704,茶坊区,130,
130705,宣化区,130,
130706,下花园区,130,
130707,庞家堡区,130,
130721,宣化县,130,
130722,张北县,130,
130723,康保县,130,
130724,沽源县,130,
130725,尚义县,130,
130726,蔚县,130,
130727,阳原县,130,
130728,怀安县,130,
130729,万全县,130,
130730,怀来县,130,
130731,涿鹿县,130,
130732,赤城县,130,
130733,崇礼县,130,
130800,承德市,130,
130801,市辖区,130,
130802,双桥区,130,
130803,双滦区,130,
130804,鹰手营子矿区,130,
130821,承德县,130,
130822,兴隆县,130,
130823,平泉县,130,
130824,滦平县,130,
130825,隆化县,130,
130826,丰宁满族自治县,130,
130827,宽城满族自治县,130,
130828,围场满族蒙古族自治县,130,
130900,沧州市,130,
130901,市辖区,130,
130902,新华区,130,
130903,运河区,130,
130921,沧县,130,
130922,青县,130,
130923,东光县,130,
130924,海兴县,130,
130925,盐山县,130,
130926,肃宁县,130,
130927,南皮县,130,
130928,吴桥县,130,
130929,献县,130,
130930,孟村回族自治县,130,
130981,泊头市,130,
130982,任丘市,130,
130983,黄骅市,130,
130984,河间市,130,
131000,廊坊市,131,
131001,市辖区,131,
131002,安次区,131,
131003,广阳区,131,
131021,三河县,131,
131022,固安县,131,
131023,永清县,131,
131024,香河县,131,
131025,大城县,131,
131026,文安县,131,
131027,霸县,131,
131028,大厂回族自治县,131,
131081,霸州市,131,
131082,三河市,131,
131100,衡水市,131,
131101,市辖区,131,
131102,桃城区,131,
131121,枣强县,131,
131122,武邑县,131,
131123,武强县,131,
131124,饶阳县,131,
131125,安平县,131,
131126,故城县,131,
131127,景县,131,
131128,阜城县,131,
131181,冀州市,131,
131182,深州市,131,
132100,邯郸地区,132,
132121,大名县,132,
132122,魏县,132,
132123,曲周县,132,
132124,丘县,132,
132125,鸡泽县,132,
132126,肥乡县,132,
132127,广平县,132,
132128,成安县,132,
132129,临漳县,132,
132130,磁县,132,
132131,武安县,132,
132132,涉县,132,
132133,永年县,132,
132135,馆陶县,132,
132200,邢台地区,132,
132201,南宫市,132,
132202,沙河市,132,
132221,邢台县,132,
132222,沙河县,132,
132223,临城县,132,
132224,内丘县,132,
132225,柏乡县,132,
132226,隆尧县,132,
132227,任县,132,
132228,南和县,132,
132229,宁晋县,132,
132230,南宫市,132,
132231,巨鹿县,132,
132232,新河县,132,
132233,广宗县,132,
132234,平乡县,132,
132235,威县,132,
132236,清河县,132,
132237,临西县,132,
132300,石家庄地区,132,
132301,辛集市,132,
132322,晋县,132,
132323,深泽县,132,
132324,无极县,132,
132325,藁城县,132,
132326,赵县,132,
132327,栾城县,132,
132328,正定县,132,
132329,新乐县,132,
132330,高邑县,132,
132331,元氏县,132,
132332,赞皇县,132,
132335,平山县,132,
132336,灵寿县,132,
132337,行唐县,132,
132400,保定地区,132,
132401,定州市,132,
132421,易县,132,
132423,徐水县,132,
132424,涞源县,132,
132425,定兴县,132,
132426,完县,132,
132427,唐县,132,
132428,望都县,132,
132429,涞水县,132,
132430,涿县,132,
132432,高阳县,132,
132433,安新县,132,
132434,雄县,132,
132435,容城县,132,
132436,新城县,132,
132437,曲阳县,132,
132438,阜平县,132,
132439,定县,132,
132440,安国县,132,
132441,博野县,132,
132442,蠡县,132,
132500,张家口地区,132,
132521,张北县,132,
132522,康保县,132,
132523,沽源县,132,
132524,尚义县,132,
132525,蔚县,132,
132526,阳原县,132,
132527,怀安县,132,
132528,万全县,132,
132529,怀来县,132,
132530,涿鹿县,132,
132532,赤城县,132,
132533,崇礼县,132,
132600,承德地区,132,
132622,宽城县,132,
132623,兴隆县,132,
132624,平泉县,132,
132626,滦平县,132,
132627,丰宁满族自治县,132,
132628,隆化县,132,
132629,围场县,132,
132801,廊坊市,132,
132821,三河县,132,
132822,大厂回族自治县,132,
132823,香河县,132,
132825,永清县,132,
132826,固安县,132,
132827,霸县,132,
132828,文安县,132,
132829,大城县,132,
132900,沧州地区,132,
132902,泊头市,132,
132922,河间县,132,
132923,肃宁县,132,
132924,献县,132,
132926,吴桥县,132,
132927,东光县,132,
132928,南皮县,132,
132929,盐山县,132,
132930,黄骅县,132,
132931,孟村回族自治县,132,
132932,青县,132,
132933,任丘市,132,
132934,海兴县,132,
133000,衡水地区,133,
133001,衡水市,133,
133002,冀州市,133,
133003,深州市,133,
133022,冀县,133,
133023,枣强县,133,
133024,武邑县,133,
133025,深县,133,
133026,武强县,133,
133027,饶阳县,133,
133028,安平县,133,
133029,故城县,133,
133030,景县,133,
133031,阜城县,133,
139000,省直辖行政单位,139,
139001,武安市,139,
140000,山西省,140,
140100,太原市,140,
140101,市辖区,140,
140102,南城区,140,
140103,北城区,140,
140104,河西区,140,
140105,小店区,140,
140106,迎泽区,140,
140107,杏花岭区,140,
140108,尖草坪区,140,
140109,万柏林区,140,
140110,晋源区,140,
140111,古交工矿区,140,
140112,南郊区,140,
140113,北郊区,140,
140121,清徐县,140,
140122,阳曲县,140,
140123,娄烦县,140,
140181,古交市,140,
140200,大同市,140,
140201,市辖区,140,
140202,城区,140,
140203,矿区,140,
140211,南郊区,140,
140212,新荣区,140,
140221,阳高县,140,
140222,天镇县,140,
140223,广灵县,140,
140224,灵丘县,140,
140225,浑源县,140,
140226,左云县,140,
140227,大同县,140,
140300,阳泉市,140,
140301,市辖区,140,
140302,城区,140,
140303,矿区,140,
140311,郊区,140,
140321,平定县,140,
140322,盂县,140,
140400,长治市,140,
140401,市辖区,140,
140402,城区,140,
140411,郊区,140,
140421,长治县,140,
140422,潞城县,140,
140423,襄垣县,140,
140424,屯留县,140,
140425,平顺县,140,
140426,黎城县,140,
140427,壶关县,140,
140428,长子县,140,
140429,武乡县,140,
140430,沁县,140,
140431,沁源县,140,
140481,潞城市,140,
140500,晋城市,140,
140501,市辖区,140,
140502,城区,140,
140511,晋城市郊区,140,
140521,沁水县,140,
140522,阳城县,140,
140523,高平县,140,
140524,陵川县,140,
140525,泽州县,140,
140581,高平市,140,
140600,朔州市,140,
140601,市辖区,140,
140602,朔城区,140,
140603,平鲁区,140,
140621,山阴县,140,
140622,应县,140,
140623,右玉县,140,
140624,怀仁县,140,
140700,晋中市,140,
140701,市辖区,140,
140702,榆次区,140,
140721,榆社县,140,
140722,左权县,140,
140723,和顺县,140,
140724,昔阳县,140,
140725,寿阳县,140,
140726,太谷县,140,
140727,祁县,140,
140728,平遥县,140,
140729,灵石县,140,
140781,介休市,140,
140800,运城市,140,
140801,市辖区,140,
140802,盐湖区,140,
140821,临猗县,140,
140822,万荣县,140,
140823,闻喜县,140,
140824,稷山县,140,
140825,新绛县,140,
140826,绛县,140,
140827,垣曲县,140,
140828,夏县,140,
140829,平陆县,140,
140830,芮城县,140,
140881,永济市,140,
140882,河津市,140,
140900,忻州市,140,
140901,市辖区,140,
140902,忻府区,140,
140921,定襄县,140,
140922,五台县,140,
140923,代县,140,
140924,繁峙县,140,
140925,宁武县,140,
140926,静乐县,140,
140927,神池县,140,
140928,五寨县,140,
140929,岢岚县,140,
140930,河曲县,140,
140931,保德县,140,
140932,偏关县,140,
140981,原平市,140,
141000,临汾市,141,
141001,市辖区,141,
141002,尧都区,141,
141021,曲沃县,141,
141022,翼城县,141,
141023,襄汾县,141,
141024,洪洞县,141,
141025,古县,141,
141026,安泽县,141,
141027,浮山县,141,
141028,吉县,141,
141029,乡宁县,141,
141030,大宁县,141,
141031,隰县,141,
141032,永和县,141,
141033,蒲县,141,
141034,汾西县,141,
141081,侯马市,141,
141082,霍州市,141,
141100,吕梁市,141,
141101,市辖区,141,
141102,离石区,141,
141121,文水县,141,
141122,交城县,141,
141123,兴县,141,
141124,临县,141,
141125,柳林县,141,
141126,石楼县,141,
141127,岚县,141,
141128,方山县,141,
141129,中阳县,141,
141130,交口县,141,
141181,孝义市,141,
141182,汾阳市,141,
142100,雁北地区,142,
142121,阳高县,142,
142122,天镇县,142,
142123,广灵县,142,
142124,灵丘县,142,
142125,浑源县,142,
142126,应县,142,
142127,山阴县,142,
142128,朔县,142,
142129,平鲁县,142,
142130,左云县,142,
142131,右玉县,142,
142132,大同县,142,
142133,怀仁县,142,
142200,忻州地区,142,
142201,忻州市,142,
142202,原平市,142,
142222,定襄县,142,
142223,五台县,142,
142224,原平县,142,
142225,代县,142,
142226,繁峙县,142,
142227,宁武县,142,
142228,静乐县,142,
142229,神池县,142,
142230,五寨县,142,
142231,岢岚县,142,
142232,河曲县,142,
142233,保德县,142,
142234,偏关县,142,
142300,吕梁地区,142,
142301,孝义市,142,
142302,离石市,142,
142303,汾阳市,142,
142321,汾阳县,142,
142322,文水县,142,
142323,交城县,142,
142324,孝义县,142,
142325,兴县,142,
142326,临县,142,
142327,柳林县,142,
142328,石楼县,142,
142329,岚县,142,
142330,方山县,142,
142331,离石县,142,
142332,中阳县,142,
142333,交口县,142,
142400,晋中地区,142,
142401,榆次市,142,
142402,介休市,142,
142421,榆社县,142,
142422,左权县,142,
142423,和顺县,142,
142424,昔阳县,142,
142427,寿阳县,142,
142429,太谷县,142,
142430,祁县,142,
142431,平遥县,142,
142432,介休县,142,
142433,灵石县,142,
142600,临汾地区,142,
142601,临汾市,142,
142602,侯马市,142,
142603,霍州市,142,
142621,曲沃县,142,
142622,翼城县,142,
142623,襄汾县,142,
142625,洪洞县,142,
142626,霍县,142,
142627,古县,142,
142628,安泽县,142,
142629,浮山县,142,
142630,吉县,142,
142631,乡宁县,142,
142632,蒲县,142,
142633,大宁县,142,
142634,永和县,142,
142635,隰县,142,
142636,汾西县,142,
142700,运城地区,142,
142701,运城市,142,
142702,永济市,142,
142703,河津市,142,
142722,永济县,142,
142723,芮城县,142,
142724,临猗县,142,
142725,万荣县,142,
142726,新绛县,142,
142727,稷山县,142,
142728,河津县,142,
142729,闻喜县,142,
142730,夏县,142,
142731,绛县,142,
142732,平陆县,142,
142733,垣曲县,142,
149000,省直辖行政单位,149,
149001,古交市,149,
150000,内蒙古自治区,150,
150100,呼和浩特市,150,
150101,市辖区,150,
150102,新城区,150,
150103,回民区,150,
150104,玉泉区,150,
150105,赛罕区,150,
150121,土默特左旗,150,
150122,托克托县,150,
150123,和林格尔县,150,
150124,清水河县,150,
150125,武川县,150,
150200,包头市,150,
150201,市辖区,150,
150202,东河区,150,
150203,昆都仑区,150,
150204,青山区,150,
150205,石拐区,150,
150206,白云矿区,150,
150207,九原区,150,
150221,土默特右旗,150,
150222,固阳县,150,
150223,达尔罕茂明安联合旗,150,
150300,乌海市,150,
150301,市辖区,150,
150302,海勃湾区,150,
150303,海南区,150,
150304,乌达区,150,
150400,赤峰市,150,
150401,市辖区,150,
150402,红山区,150,
150403,元宝山区,150,
150404,松山区,150,
150421,阿鲁科尔沁旗,150,
150422,巴林左旗,150,
150423,巴林右旗,150,
150424,林西县,150,
150425,克什克腾旗,150,
150426,翁牛特旗,150,
150428,喀喇沁旗,150,
150429,宁城县,150,
150430,敖汉旗,150,
150500,通辽市,150,
150501,市辖区,150,
150502,科尔沁区,150,
150521,科尔沁左翼中旗,150,
150522,科尔沁左翼后旗,150,
150523,开鲁县,150,
150524,库伦旗,150,
150525,奈曼旗,150,
150526,扎鲁特旗,150,
150581,霍林郭勒市,150,
150600,鄂尔多斯市,150,
150602,东胜区,150,
150621,达拉特旗,150,
150622,准格尔旗,150,
150623,鄂托克前旗,150,
150624,鄂托克旗,150,
150625,杭锦旗,150,
150626,乌审旗,150,
150627,伊金霍洛旗,150,
150700,呼伦贝尔市,150,
150701,市辖区,150,
150702,海拉尔区,150,
150721,阿荣旗,150,
150722,莫力达瓦达斡尔族自治旗,150,
150723,鄂伦春自治旗,150,
150724,鄂温克族自治旗,150,
150725,陈巴尔虎旗,150,
150726,新巴尔虎左旗,150,
150727,新巴尔虎右旗,150,
150781,满洲里市,150,
150782,牙克石市,150,
150783,扎兰屯市,150,
150784,额尔古纳市,150,
150785,根河市,150,
150800,巴彦淖尔市,150,
150801,市辖区,150,
150802,临河区,150,
150821,五原县,150,
150822,磴口县,150,
150823,乌拉特前旗,150,
150824,乌拉特中旗,150,
150825,乌拉特后旗,150,
150826,杭锦后旗,150,
150900,乌兰察布市,150,
150901,市辖区,150,
150902,集宁区,150,
150921,卓资县,150,
150922,化德县,150,
150923,商都县,150,
150924,兴和县,150,
150925,凉城县,150,
150926,察哈尔右翼前旗,150,
150927,察哈尔右翼中旗,150,
150928,察哈尔右翼后旗,150,
150929,四子王旗,150,
150981,丰镇市,150,
152100,呼伦贝尔盟,152,
152101,海拉尔市,152,
152102,满洲里市,152,
152103,扎兰屯市,152,
152104,牙克石市,152,
152105,根河市,152,
152106,额尔古纳市,152,
152122,阿荣旗,152,
152123,莫力达瓦达斡尔族自治旗,152,
152125,额尔古纳右旗,152,
152126,额尔古纳左旗,152,
152127,鄂伦春自治旗,152,
152128,鄂温克族自治旗,152,
152129,新巴尔虎右旗,152,
152130,新巴尔虎左旗,152,
152131,陈巴尔虎旗,152,
152200,兴安盟,152,
152201,乌兰浩特市,152,
152202,阿尔山市,152,
152221,科尔沁右翼前旗,152,
152222,科尔沁右翼中旗,152,
152223,扎赉特旗,152,
152224,突泉县,152,
152300,哲里木盟,152,
152301,通辽市,152,
152302,霍林郭勒市,152,
152321,通辽县,152,
152322,科尔沁左翼中旗,152,
152323,科尔沁左翼后旗,152,
152324,开鲁县,152,
152325,库伦旗,152,
152326,奈曼旗,152,
152327,扎鲁特旗,152,
152500,锡林郭勒盟,152,
152501,二连浩特市,152,
152502,锡林浩特市,152,
152522,阿巴嘎旗,152,
152523,苏尼特左旗,152,
152524,苏尼特右旗,152,
152525,东乌珠穆沁旗,152,
152526,西乌珠穆沁旗,152,
152527,太仆寺旗,152,
152528,镶黄旗,152,
152529,正镶白旗,152,
152530,正蓝旗,152,
152531,多伦县,152,
152600,乌兰察布盟,152,
152601,集宁市,152,
152602,丰镇市,152,
152621,武川县,152,
152622,和林格尔县,152,
152623,清水河县,152,
152624,卓资县,152,
152625,化德县,152,
152626,商都县,152,
152627,兴和县,152,
152628,丰镇县,152,
152629,凉城县,152,
152630,察哈尔右翼前旗,152,
152631,察哈尔右翼中旗,152,
152632,察哈尔右翼后旗,152,
152633,达茂联合旗,152,
152634,四子王旗,152,
152700,伊克昭盟,152,
152701,东胜市,152,
152722,达拉特旗,152,
152723,准格尔旗,152,
152724,鄂托克前旗,152,
152725,鄂托克旗,152,
152726,杭锦旗,152,
152727,乌审旗,152,
152728,伊金霍洛旗,152,
152800,巴彦淖尔盟,152,
152801,临河市,152,
152822,五原县,152,
152823,磴口县,152,
152824,乌拉特前旗,152,
152825,乌拉特中旗,152,
152826,乌拉特后旗,152,
152827,杭锦后旗,152,
152900,阿拉善盟,152,
152921,阿拉善左旗,152,
152922,阿拉善右旗,152,
152923,额济纳旗,152,
210000,辽宁省,210,
210100,沈阳市,210,
210101,市辖区,210,
210102,和平区,210,
210103,沈河区,210,
210104,大东区,210,
210105,皇姑区,210,
210106,铁西区,210,
210111,苏家屯区,210,
210112,东陵区,210,
210113,新城子区,210,
210114,于洪区,210,
210121,新民县,210,
210122,辽中县,210,
210123,康平县,210,
210124,法库县,210,
210181,新民市,210,
210200,大连市,210,
210201,市辖区,210,
210202,中山区,210,
210203,西岗区,210,
210204,沙河口区,210,
210211,甘井子区,210,
210212,旅顺口区,210,
210213,金州区,210,
210219,瓦房店市,210,
210221,金县,210,
210222,新金县,210,
210224,长海县,210,
210225,庄河县,210,
210281,瓦房店市,210,
210282,普兰店市,210,
210283,庄河市,210,
210300,鞍山市,210,
210301,市辖区,210,
210302,铁东区,210,
210303,铁西区,210,
210304,立山区,210,
210311,千山区,210,
210319,海城市,210,
210321,台安县,210,
210323,岫岩满族自治县,210,
210381,海城市,210,
210400,抚顺市,210,
210401,市辖区,210,
210402,新抚区,210,
210403,东洲区,210,
210404,望花区,210,
210411,顺城区,210,
210421,抚顺县,210,
210422,新宾满族自治县,210,
210423,清原满族自治县,210,
210500,本溪市,210,
210501,市辖区,210,
210502,平山区,210,
210503,溪湖区,210,
210504,明山区,210,
210505,南芬区,210,
210511,本溪市南芬区,210,
210521,本溪满族自治县,210,
210522,桓仁满族自治县,210,
210600,丹东市,210,
210601,市辖区,210,
210602,元宝区,210,
210603,振兴区,210,
210604,振安区,210,
210621,凤城满族自治区,210,
210622,岫岩满族自治县,210,
210623,东沟县,210,
210624,宽甸满族自治县,210,
210681,东港市,210,
210682,凤城市,210,
210700,锦州市,210,
210701,市辖区,210,
210702,古塔区,210,
210703,凌河区,210,
210704,锦州市南票区,210,
210705,锦州市葫芦岛区,210,
210711,太和区,210,
210721,锦西市,210,
210722,兴城县,210,
210723,绥中县,210,
210724,锦县,210,
210725,北镇县,210,
210726,黑山县,210,
210727,义县,210,
210781,凌海市,210,
210782,北宁市,210,
210800,营口市,210,
210801,市辖区,210,
210802,站前区,210,
210803,西市区,210,
210804,鲅鱼圈区,210,
210811,老边区,210,
210821,营口县,210,
210824,盖县,210,
210881,盖州市,210,
210882,大石桥市,210,
210900,阜新市,210,
210901,市辖区,210,
210902,海州区,210,
210903,新邱区,210,
210904,太平区,210,
210905,清河门区,210,
210911,细河区,210,
210921,阜新蒙古族自治县,210,
210922,彰武县,210,
211000,辽阳市,211,
211001,市辖区,211,
211002,白塔区,211,
211003,文圣区,211,
211004,宏伟区,211,
211005,弓长岭区,211,
211011,太子河区,211,
211021,辽阳县,211,
211022,灯塔县,211,
211081,灯塔市,211,
211100,盘锦市,211,
211101,市辖区,211,
211102,双台子区,211,
211103,兴隆台区,211,
211111,盘锦市郊区,211,
211121,大洼县,211,
211122,盘山县,211,
211200,铁岭市,211,
211201,市辖区,211,
211202,银州区,211,
211203,铁法区,211,
211204,清河区,211,
211221,铁岭县,211,
211222,开原县,211,
211223,西丰县,211,
211224,昌图县,211,
211225,康平县,211,
211226,法库县,211,
211281,调兵山市,211,
211282,开原市,211,
211300,朝阳市,211,
211301,市辖区,211,
211302,双塔区,211,
211303,龙城区,211,
211319,北票市,211,
211321,朝阳县,211,
211322,建平县,211,
211323,凌源县,211,
211324,喀喇沁左翼蒙古族自治县,211,
211325,建昌县,211,
211381,北票市,211,
211382,凌源市,211,
211400,葫芦岛市,211,
211401,市辖区,211,
211402,连山区,211,
211403,龙港区,211,
211404,南票区,211,
211421,绥中县,211,
211422,建昌县,211,
211481,兴城市,211,
219000,省直辖行政单位,219,
219001,瓦房店市,219,
219002,海城市,219,
219003,锦西市,219,
219004,兴城市,219,
219005,铁法市,219,
219006,北票市,219,
219007,开源市,219,
220000,吉林省,220,
220100,长春市,220,
220101,市辖区,220,
220102,南关区,220,
220103,宽城区,220,
220104,朝阳区,220,
220105,二道区,220,
220106,绿园区,220,
220111,郊区,220,
220112,双阳区,220,
220121,榆树县,220,
220122,农安县,220,
220123,九台县,220,
220124,德惠县,220,
220125,双阳县,220,
220181,九台市,220,
220182,榆树市,220,
220183,德惠市,220,
220200,吉林市,220,
220201,市辖区,220,
220202,昌邑区,220,
220203,龙潭区,220,
220204,船营区,220,
220211,丰满区,220,
220221,永吉县,220,
220222,舒兰县,220,
220223,盘石县,220,
220224,蛟河县,220,
220225,桦甸县,220,
220281,蛟河市,220,
220282,桦甸市,220,
220283,舒兰市,220,
220284,磐石市,220,
220300,四平市,220,
220301,市辖区,220,
220302,铁西区,220,
220303,铁东区,220,
220319,公主岭市,220,
220322,梨树县,220,
220323,伊通满族自治县,220,
220324,双辽县,220,
220381,公主岭市,220,
220382,双辽市,220,
220400,辽源市,220,
220401,市辖区,220,
220402,龙山区,220,
220403,西安区,220,
220421,东丰县,220,
220422,东辽县,220,
220500,通化市,220,
220501,市辖区,220,
220502,东昌区,220,
220503,二道江区,220,
220519,梅河口市,220,
220521,通化县,220,
220522,集安县,220,
220523,辉南县,220,
220524,柳河县,220,
220581,梅河口市,220,
220582,集安市,220,
220600,白山市,220,
220601,市辖区,220,
220602,八道江区,220,
220603,三岔子区,220,
220604,临江区,220,
220621,抚松县,220,
220622,靖宇县,220,
220623,长白朝鲜族自治县,220,
220624,江源县,220,
220625,江源县,220,
220681,临江市,220,
220700,松原市,220,
220701,市辖区,220,
220702,宁江区,220,
220721,前郭尔罗斯蒙古族自治县,220,
220722,长岭县,220,
220723,乾安县,220,
220724,扶余县,220,
220800,白城市,220,
220801,市辖区,220,
220802,洮北区,220,
220821,镇赉县,220,
220822,通榆县,220,
220881,洮南市,220,
220882,大安市,220,
222300,白城地区,222,
222301,白城市,222,
222302,洮南市,222,
222303,扶余市,222,
222304,大安市,222,
222321,扶余县,222,
222322,洮安县,222,
222323,长岭县,222,
222324,前郭尔罗斯县,222,
222325,大安县,222,
222326,镇赉县,222,
222327,通榆县,222,
222328,乾安县,222,
222400,延边朝鲜族自治州,222,
222401,延吉市,222,
222402,图们市,222,
222403,敦化市,222,
222404,珲春市,222,
222405,龙井市,222,
222406,和龙市,222,
222421,龙井县,222,
222423,和龙县,222,
222424,汪清县,222,
222425,珲春县,222,
222426,安图县,222,
229000,省直辖行政单位,229,
229001,公主岭市,229,
229002,梅河口市,229,
229003,集安市,229,
229004,桦甸市,229,
229005,九台市,229,
230000,黑龙江省,230,
230100,哈尔滨市,230,
230101,市辖区,230,
230102,道里区,230,
230103,南岗区,230,
230104,道外区,230,
230105,太平区,230,
230106,香坊区,230,
230107,动力区,230,
230108,平房区,230,
230109,松北区,230,
230111,呼兰区,230,
230121,呼兰县,230,
230122,阿城县,230,
230123,依兰县,230,
230124,方正县,230,
230125,宾县,230,
230126,巴彦县,230,
230127,木兰县,230,
230128,通河县,230,
230129,延寿县,230,
230181,阿城市,230,
230182,双城市,230,
230183,尚志市,230,
230184,五常市,230,
230200,齐齐哈尔市,230,
230201,市辖区,230,
230202,龙沙区,230,
230203,建华区,230,
230204,铁锋区,230,
230205,昂昂溪区,230,
230206,富拉尔基区,230,
230207,碾子山区,230,
230208,梅里斯达斡尔族区,230,
230221,龙江县,230,
230222,讷河县,230,
230223,依安县,230,
230224,泰来县,230,
230225,甘南县,230,
230226,杜尔伯特自治县,230,
230227,富裕县,230,
230228,林甸县,230,
230229,克山县,230,
230230,克东县,230,
230231,拜泉县,230,
230281,讷河市,230,
230300,鸡西市,230,
230301,市辖区,230,
230302,鸡冠区,230,
230303,恒山区,230,
230304,滴道区,230,
230305,梨树区,230,
230306,城子河区,230,
230307,麻山区,230,
230321,鸡东县,230,
230322,虎林县,230,
230381,虎林市,230,
230382,密山市,230,
230400,鹤岗市,230,
230401,市辖区,230,
230402,向阳区,230,
230403,工农区,230,
230404,南山区,230,
230405,兴安区,230,
230406,东山区,230,
230407,兴山区,230,
230421,萝北县,230,
230422,绥滨县,230,
230500,双鸭山市,230,
230501,市辖区,230,
230502,尖山区,230,
230503,岭东区,230,
230504,岭西区,230,
230505,四方台区,230,
230506,宝山区,230,
230521,集贤县,230,
230522,友谊县,230,
230523,宝清县,230,
230524,饶河县,230,
230600,大庆市,230,
230601,市辖区,230,
230602,萨尔图区,230,
230603,龙凤区,230,
230604,让胡路区,230,
230605,红岗区,230,
230606,大同区,230,
230621,肇州县,230,
230622,肇源县,230,
230623,林甸县,230,
230624,杜尔伯特蒙古族自治县,230,
230700,伊春市,230,
230701,市辖区,230,
230702,伊春区,230,
230703,南岔区,230,
230704,友好区,230,
230705,西林区,230,
230706,翠峦区,230,
230707,新青区,230,
230708,美溪区,230,
230709,金山屯区,230,
230710,五营区,230,
230711,乌马河区,230,
230712,汤旺河区,230,
230713,带岭区,230,
230714,乌伊岭区,230,
230715,红星区,230,
230716,上甘岭区,230,
230721,铁力县,230,
230722,嘉荫县,230,
230781,铁力市,230,
230800,佳木斯市,230,
230801,市辖区,230,
230802,永红区,230,
230803,向阳区,230,
230804,前进区,230,
230805,东风区,230,
230811,郊区,230,
230821,富锦县,230,
230822,桦南县,230,
230823,依兰县,230,
230825,集贤县,230,
230826,桦川县,230,
230827,宝清县,230,
230828,汤原县,230,
230829,绥滨县,230,
230830,萝北县,230,
230831,同江县,230,
230832,饶河县,230,
230833,抚远县,230,
230834,友谊县,230,
230881,同江市,230,
230882,富锦市,230,
230900,七台河市,230,
230901,市辖区,230,
230902,新兴区,230,
230903,桃山区,230,
230904,茄子河区,230,
230921,勃利县,230,
231000,牡丹江市,231,
231001,市辖区,231,
231002,东安区,231,
231003,阳明区,231,
231004,爱民区,231,
231005,西安区,231,
231006,郊区,231,
231011,郊丹区,231,
231020,绥汾河市,231,
231021,宁安县,231,
231022,海林县,231,
231023,穆棱县,231,
231024,东宁县,231,
231025,林口县,231,
231026,密山县,231,
231027,虎林县,231,
231081,绥芬河市,231,
231082,密山市,231,
231083,海林市,231,
231084,宁安市,231,
231085,穆棱市,231,
231100,黑河市,231,
231101,市辖区,231,
231102,爱辉区,231,
231121,嫩江县,231,
231122,德都县,231,
231123,逊克县,231,
231124,孙吴县,231,
231181,北安市,231,
231182,五大连池市,231,
231200,绥化市,231,
231201,市辖区,231,
231202,北林区,231,
231221,望奎县,231,
231222,兰西县,231,
231223,青冈县,231,
231224,庆安县,231,
231225,明水县,231,
231226,绥棱县,231,
231281,安达市,231,
231282,肇东市,231,
231283,海伦市,231,
231700,大兴安岭地区,231,
232100,松花江地区,232,
232101,双城市,232,
232102,尚志市,232,
232103,五常市,232,
232122,宾县,232,
232124,双城县,232,
232125,五常县,232,
232126,巴彦县,232,
232127,木兰县,232,
232128,通河县,232,
232129,尚志县,232,
232130,方正县,232,
232131,延寿县,232,
232300,绥化地区,232,
232301,绥化市,232,
232302,安达市,232,
232303,肇东市,232,
232304,海伦市,232,
232321,海伦县,232,
232322,肇东县,232,
232324,望奎县,232,
232325,兰西县,232,
232326,青冈县,232,
232328,肇源县,232,
232329,肇州县,232,
232330,庆安县,232,
232331,明水县,232,
232332,绥棱县,232,
232600,黑河地区,232,
232601,黑河市,232,
232602,北安市,232,
232603,五大连池市,232,
232622,嫩江县,232,
232623,德都县,232,
232625,逊克县,232,
232626,孙吴县,232,
232700,大兴安岭地区,232,
232721,呼玛县,232,
232722,塔河县,232,
232723,漠河县,232,
232724,漠河县,232,
239000,省直辖行政单位,239,
239001,绥芬河市,239,
239002,阿城市,239,
239003,同江市,239,
239004,富锦市,239,
239005,铁力市,239,
239006,密山市,239,
310000,上海市,310,
310100,市辖区,310,
310101,黄浦区,310,
310102,南市区,310,
310103,卢湾区,310,
310104,徐汇区,310,
310105,长宁区,310,
310106,静安区,310,
310107,普陀区,310,
310108,闸北区,310,
310109,虹口区,310,
310110,杨浦区,310,
310111,吴凇区,310,
310112,闵行区,310,
310113,宝山区,310,
310114,嘉定区,310,
310115,浦东新区,310,
310116,金山区,310,
310117,松江区,310,
310118,青浦区,310,
310119,南汇区,310,
310120,奉贤区,310,
310200,县,310,
310221,县,310,
310222,嘉定县,310,
310223,宝山县,310,
310224,川沙县,310,
310225,南汇县,310,
310226,奉贤县,310,
310227,松江县,310,
310228,金山县,310,
310229,青浦县,310,
310230,崇明县,310,
320000,江苏省,320,
320100,南京市,320,
320101,市辖区,320,
320102,玄武区,320,
320103,白下区,320,
320104,秦淮区,320,
320105,建邺区,320,
320106,鼓楼区,320,
320107,下关区,320,
320111,浦口区,320,
320112,大厂区,320,
320113,栖霞区,320,
320114,雨花台区,320,
320115,江宁区,320,
320116,六合区,320,
320121,江宁县,320,
320122,江浦县,320,
320123,六合县,320,
320124,溧水县,320,
320125,高淳县,320,
320200,无锡市,320,
320201,市辖区,320,
320202,崇安区,320,
320203,南长区,320,
320204,北塘区,320,
320205,锡山区,320,
320206,惠山区,320,
320211,滨湖区,320,
320212,马山区,320,
320221,江阴县,320,
320222,无锡县,320,
320223,宜兴县,320,
320281,江阴市,320,
320282,宜兴市,320,
320283,锡山市,320,
320300,徐州市,320,
320301,市辖区,320,
320302,鼓楼区,320,
320303,云龙区,320,
320304,九里区,320,
320305,贾汪区,320,
320311,泉山区,320,
320321,丰县,320,
320322,沛县,320,
320323,铜山县,320,
320324,睢宁县,320,
320325,邳县,320,
320326,新沂县,320,
320381,新沂市,320,
320382,邳州市,320,
320400,常州市,320,
320401,市辖区,320,
320402,天宁区,320,
320403,广化区,320,
320404,钟楼区,320,
320405,戚墅堰区,320,
320411,新北区,320,
320412,武进区,320,
320421,武进县,320,
320422,金坛县,320,
320423,溧阳县,320,
320481,溧阳市,320,
320482,金坛市,320,
320483,武进市,320,
320500,苏州市,320,
320501,市辖区,320,
320502,沧浪区,320,
320503,平江区,320,
320504,金阊区,320,
320505,虎丘区,320,
320506,吴中区,320,
320507,相城区,320,
320511,郊区,320,
320520,常熟市,320,
320521,沙洲县,320,
320522,太仓县,320,
320523,昆山县,320,
320524,吴县,320,
320525,吴江县,320,
320581,常熟市,320,
320582,张家港市,320,
320583,昆山市,320,
320584,吴江市,320,
320585,太仓市,320,
320586,吴县市,320,
320600,南通市,320,
320601,市辖区,320,
320602,崇川区,320,
320611,港闸区,320,
320621,海安县,320,
320622,如皋县,320,
320623,如东县,320,
320624,南通县,320,
320625,海门县,320,
320626,启东县,320,
320681,启东市,320,
320682,如皋市,320,
320683,通州市,320,
320684,海门市,320,
320700,连云港市,320,
320701,市辖区,320,
320703,连云区,320,
320704,云台区,320,
320705,新浦区,320,
320706,海州区,320,
320721,赣榆县,320,
320722,东海县,320,
320723,灌云县,320,
320724,灌南县,320,
320800,淮安市,320,
320801,市辖区,320,
320802,清河区,320,
320803,楚州区,320,
320804,淮阴区,320,
320811,清浦区,320,
320821,淮阴县,320,
320822,灌南县,320,
320823,沭阳县,320,
320824,宿迁县,320,
320825,泗阳县,320,
320826,涟水县,320,
320827,泗洪县,320,
320828,淮安县,320,
320829,洪泽县,320,
320830,盱眙县,320,
320831,金湖县,320,
320881,宿迁市,320,
320882,淮安市,320,
320900,盐城市,320,
320901,市辖区,320,
320902,亭湖区,320,
320903,盐都区,320,
320911,郊区,320,
320921,响水县,320,
320922,滨海县,320,
320923,阜宁县,320,
320924,射阳县,320,
320925,建湖县,320,
320926,大丰县,320,
320927,东台县,320,
320928,盐都县,320,
320981,东台市,320,
320982,大丰市,320,
321000,扬州市,321,
321001,市辖区,321,
321002,广陵区,321,
321003,邗江区,321,
321011,郊区,321,
321019,仪征市,321,
321020,泰州市,321,
321021,兴化县,321,
321022,高邮县,321,
321023,宝应县,321,
321024,靖江县,321,
321025,泰兴县,321,
321026,江都县,321,
321027,邗江县,321,
321028,泰县,321,
321081,仪征市,321,
321082,泰州市,321,
321083,兴化市,321,
321084,高邮市,321,
321085,泰兴市,321,
321086,靖江市,321,
321087,姜堰市,321,
321088,江都市,321,
321100,镇江市,321,
321101,市辖区,321,
321102,京口区,321,
321111,润州区,321,
321112,丹徒区,321,
321121,丹徒县,321,
321122,丹阳县,321,
321123,句容县,321,
321124,扬中县,321,
321181,丹阳市,321,
321182,扬中市,321,
321183,句容市,321,
321200,泰州市,321,
321201,市辖区,321,
321202,海陵区,321,
321203,高港区,321,
321281,兴化市,321,
321282,靖江市,321,
321283,泰兴市,321,
321284,姜堰市,321,
321300,宿迁市,321,
321301,市辖区,321,
321302,宿城区,321,
321311,宿豫区,321,
321321,宿豫县,321,
321322,沭阳县,321,
321323,泗阳县,321,
321324,泗洪县,321,
329000,省直辖行政单位,329,
329001,泰州市,329,
329002,仪征市,329,
329003,常熟市,329,
329004,张家港市,329,
329005,江阴市,329,
329006,宿迁市,329,
329007,丹阳市,329,
329008,东台市,329,
329009,兴化市,329,
329010,淮安市,329,
329011,宜兴市,329,
330000,浙江省,330,
330100,杭州市,330,
330101,市辖区,330,
330102,上城区,330,
330103,下城区,330,
330104,江干区,330,
330105,拱墅区,330,
330106,西湖区,330,
330107,半山区,330,
330108,滨江区,330,
330109,萧山区,330,
330110,余杭区,330,
330121,萧山县,330,
330122,桐庐县,330,
330123,富阳县,330,
330124,临安县,330,
330125,余杭县,330,
330126,建德县,330,
330127,淳安县,330,
330181,萧山市,330,
330182,建德市,330,
330183,富阳市,330,
330184,余杭市,330,
330185,临安市,330,
330200,宁波市,330,
330201,市辖区,330,
330203,海曙区,330,
330204,江东区,330,
330205,江北区,330,
330206,北仑区,330,
330211,镇海区,330,
330212,鄞州区,330,
330219,余姚市,330,
330222,慈溪县,330,
330224,奉化县,330,
330225,象山县,330,
330226,宁海县,330,
330227,鄞县,330,
330281,余姚市,330,
330282,慈溪市,330,
330283,奉化市,330,
330300,温州市,330,
330301,市辖区,330,
330302,鹿城区,330,
330303,龙湾区,330,
330304,瓯海区,330,
330321,瓯海县,330,
330322,洞头县,330,
330323,乐清县,330,
330324,永嘉县,330,
330325,瑞安县,330,
330326,平阳县,330,
330327,苍南县,330,
330328,文成县,330,
330329,泰顺县,330,
330381,瑞安市,330,
330382,乐清市,330,
330400,嘉兴市,330,
330401,市辖区,330,
330402,秀城区,330,
330411,秀洲区,330,
330421,嘉善县,330,
330422,平湖县,330,
330423,海宁县,330,
330424,海盐县,330,
330425,桐乡县,330,
330481,海宁市,330,
330482,平湖市,330,
330483,桐乡市,330,
330500,湖州市,330,
330501,市辖区,330,
330502,吴兴区,330,
330503,南浔区,330,
330511,郊区,330,
330521,德清县,330,
330522,长兴县,330,
330523,安吉县,330,
330600,绍兴市,330,
330601,市辖区,330,
330602,越城区,330,
330621,绍兴县,330,
330622,上虞县,330,
330623,嵊县,330,
330624,新昌县,330,
330625,诸暨县,330,
330681,诸暨市,330,
330682,上虞市,330,
330683,嵊州市,330,
330700,金华市,330,
330701,市辖区,330,
330702,婺城区,330,
330703,金东区,330,
330719,兰溪市,330,
330721,金华县,330,
330722,永康县,330,
330723,武义县,330,
330724,东阳县,330,
330725,义乌县,330,
330726,浦江县,330,
330727,磐安县,330,
330781,兰溪市,330,
330782,义乌市,330,
330783,东阳市,330,
330784,永康市,330,
330800,衢州市,330,
330801,市辖区,330,
330802,柯城区,330,
330803,衢江区,330,
330821,衢县,330,
330822,常山县,330,
330823,江山县,330,
330824,开化县,330,
330825,龙游县,330,
330881,江山市,330,
330900,舟山市,330,
330901,市辖区,330,
330902,定海区,330,
330903,普陀区,330,
330921,岱山县,330,
330922,嵊泗县,330,
331000,台州市,331,
331001,市辖区,331,
331002,椒江区,331,
331003,黄岩区,331,
331004,路桥区,331,
331021,玉环县,331,
331022,三门县,331,
331023,天台县,331,
331024,仙居县,331,
331081,温岭市,331,
331082,临海市,331,
331100,丽水市,331,
331101,市辖区,331,
331102,莲都区,331,
331121,青田县,331,
331122,缙云县,331,
331123,遂昌县,331,
331124,松阳县,331,
331125,云和县,331,
331126,庆元县,331,
331127,景宁畲族自治县,331,
331181,龙泉市,331,
332500,丽水地区,332,
332501,丽水市,332,
332502,龙泉市,332,
332521,丽水县,332,
332522,青田县,332,
332523,云和县,332,
332524,龙泉县,332,
332525,庆元县,332,
332526,缙云县,332,
332527,遂昌县,332,
332528,松阳县,332,
332529,景宁畲族自治县,332,
332600,台州地区,332,
332601,椒江市,332,
332602,临海市,332,
332622,黄岩县,332,
332623,温岭县,332,
332624,仙居县,332,
332625,天台县,332,
332626,三门县,332,
332627,玉环县,332,
332721,定海县,332,
332722,普陀县,332,
332723,岱山县,332,
332724,嵊泗县,332,
339000,省直辖行政单位,339,
339001,余姚市,339,
339002,海宁市,339,
339003,兰溪市,339,
339004,瑞安市,339,
339005,箫山市,339,
339006,江山市,339,
339007,义乌市,339,
339008,东阳市,339,
339009,慈溪市,339,
339010,奉化市,339,
340000,安徽省,340,
340100,合肥市,340,
340101,市辖区,340,
340102,瑶海区,340,
340103,庐阳区,340,
340104,蜀山区,340,
340111,包河区,340,
340121,长丰县,340,
340122,肥东县,340,
340123,肥西县,340,
340200,芜湖市,340,
340201,市辖区,340,
340202,镜湖区,340,
340203,马塘区,340,
340204,新芜区,340,
340205,裕溪口区,340,
340206,四褐山区,340,
340207,鸠江区,340,
340211,郊区,340,
340221,芜湖县,340,
340222,繁昌县,340,
340223,南陵县,340,
340224,青阳县,340,
340300,蚌埠市,340,
340301,市辖区,340,
340302,龙子湖区,340,
340303,蚌山区,340,
340304,禹会区,340,
340311,淮上区,340,
340321,怀远县,340,
340322,五河县,340,
340323,固镇县,340,
340400,淮南市,340,
340401,市辖区,340,
340402,大通区,340,
340403,田家庵区,340,
340404,谢家集区,340,
340405,八公山区,340,
340406,潘集区,340,
340421,凤台县,340,
340500,马鞍山市,340,
340501,市辖区,340,
340502,金家庄区,340,
340503,花山区,340,
340504,雨山区,340,
340505,向山区,340,
340511,郊区,340,
340521,当涂县,340,
340600,淮北市,340,
340601,市辖区,340,
340602,杜集区,340,
340603,相山区,340,
340604,烈山区,340,
340611,郊区,340,
340621,濉溪县,340,
340700,铜陵市,340,
340701,市辖区,340,
340702,铜官山区,340,
340703,狮子山区,340,
340704,铜山区,340,
340711,郊区,340,
340721,铜陵县,340,
340800,安庆市,340,
340801,市辖区,340,
340802,迎江区,340,
340803,大观区,340,
340811,郊区,340,
340821,桐城县,340,
340822,怀宁县,340,
340823,枞阳县,340,
340824,潜山县,340,
340825,太湖县,340,
340826,宿松县,340,
340827,望江县,340,
340828,岳西县,340,
340881,桐城市,340,
340901,黄山市,340,
340925,太湖县,340,
341000,黄山市,341,
341001,市辖区,341,
341002,屯溪区,341,
341003,黄山区,341,
341004,徽州区,341,
341021,歙县,341,
341022,休宁县,341,
341023,黟县,341,
341024,祁门县,341,
341100,滁州市,341,
341101,市辖区,341,
341102,琅琊区,341,
341103,南谯区,341,
341122,来安县,341,
341124,全椒县,341,
341125,定远县,341,
341126,凤阳县,341,
341181,天长市,341,
341182,明光市,341,
341200,阜阳市,341,
341201,市辖区,341,
341202,颍州区,341,
341203,颍东区,341,
341204,颍泉区,341,
341221,临泉县,341,
341222,太和县,341,
341223,涡阳县,341,
341224,蒙城县,341,
341225,阜南县,341,
341226,颍上县,341,
341227,利辛县,341,
341281,亳州市,341,
341282,界首市,341,
341300,宿州市,341,
341301,市辖区,341,
341302,墉桥区,341,
341321,砀山县,341,
341322,萧县,341,
341323,灵璧县,341,
341324,泗县,341,
341400,巢湖市,341,
341401,市辖区,341,
341402,居巢区,341,
341421,庐江县,341,
341422,无为县,341,
341423,含山县,341,
341424,和县,341,
341500,六安市,341,
341501,市辖区,341,
341502,金安区,341,
341503,裕安区,341,
341521,寿县,341,
341522,霍邱县,341,
341523,舒城县,341,
341524,金寨县,341,
341525,霍山县,341,
341600,亳州市,341,
341601,市辖区,341,
341602,谯城区,341,
341621,涡阳县,341,
341622,蒙城县,341,
341623,利辛县,341,
341700,池州市,341,
341701,市辖区,341,
341702,贵池区,341,
341721,东至县,341,
341722,石台县,341,
341723,青阳县,341,
341800,宣城市,341,
341801,市辖区,341,
341802,宣州区,341,
341821,郎溪县,341,
341822,广德县,341,
341823,泾县,341,
341824,绩溪县,341,
341825,旌德县,341,
341881,宁国市,341,
342100,阜阳地区,342,
342101,阜阳市,342,
342102,毫州市,342,
342103,界首市,342,
342121,阜阳县,342,
342122,临泉县,342,
342123,太和县,342,
342124,涡阳县,342,
342125,蒙城县,342,
342127,阜南县,342,
342128,颍上县,342,
342129,界首县,342,
342130,利辛县,342,
342200,宿县地区,342,
342201,宿州市,342,
342221,砀山县,342,
342222,箫县,342,
342223,宿县,342,
342224,灵壁县,342,
342225,泗县,342,
342300,滁县地区,342,
342301,滁州市,342,
342321,天长县,342,
342322,来安县,342,
342324,全椒县,342,
342325,定远县,342,
342326,凤阳县,342,
342327,嘉山县,342,
342400,六安地区,342,
342401,六安市,342,
342421,六安县,342,
342422,寿县,342,
342423,霍邱县,342,
342425,舒城县,342,
342426,金寨县,342,
342427,霍山县,342,
342500,宣城地区,342,
342501,宣州市,342,
342502,宁国市,342,
342521,宣城县,342,
342522,郎溪县,342,
342523,广德县,342,
342524,宁国县,342,
342529,泾县,342,
342530,旌德县,342,
342531,绩溪县,342,
342600,巢湖地区,342,
342601,巢湖市,342,
342622,庐江县,342,
342623,无为县,342,
342625,含山县,342,
342626,和县,342,
342701,屯溪市,342,
342721,绩溪县,342,
342722,旌德县,342,
342723,歙县,342,
342724,休宁县,342,
342725,黟县,342,
342726,祁门县,342,
342728,石台县,342,
342821,怀宁县,342,
342822,桐城县,342,
342823,枞阳县,342,
342824,潜山县,342,
342825,太湖县,342,
342826,宿松县,342,
342827,望江县,342,
342828,岳西县,342,
342829,东至县,342,
342830,贵池县,342,
342900,池州地区,342,
342901,贵池市,342,
342921,东至县,342,
342922,石台县,342,
342923,青阳县,342,
350000,福建省,350,
350100,福州市,350,
350101,市辖区,350,
350102,鼓楼区,350,
350103,台江区,350,
350104,仓山区,350,
350105,马尾区,350,
350111,晋安区,350,
350121,闽侯县,350,
350122,连江县,350,
350123,罗源县,350,
350124,闽清县,350,
350125,永泰县,350,
350126,长乐县,350,
350127,福清县,350,
350128,平潭县,350,
350181,福清市,350,
350182,长乐市,350,
350200,厦门市,350,
350201,市辖区,350,
350202,鼓浪屿区,350,
350203,思明区,350,
350204,开元区,350,
350205,海沧区,350,
350206,湖里区,350,
350207,集美区,350,
350211,集美区,350,
350212,同安区,350,
350213,翔安区,350,
350221,同安县,350,
350300,莆田市,350,
350301,市辖区,350,
350302,城厢区,350,
350303,涵江区,350,
350304,荔城区,350,
350305,秀屿区,350,
350321,莆田县,350,
350322,仙游县,350,
350400,三明市,350,
350401,市辖区,350,
350402,梅列区,350,
350403,三元区,350,
350420,永安市,350,
350421,明溪县,350,
350423,清流县,350,
350424,宁化县,350,
350425,大田县,350,
350426,尤溪县,350,
350427,沙县,350,
350428,将乐县,350,
350429,泰宁县,350,
350430,建宁县,350,
350481,永安市,350,
350500,泉州市,350,
350501,市辖区,350,
350502,鲤城区,350,
350503,丰泽区,350,
350504,洛江区,350,
350505,泉港区,350,
350521,惠安县,350,
350522,晋江县,350,
350523,南安县,350,
350524,安溪县,350,
350525,永春县,350,
350526,德化县,350,
350527,金门县,350,
350581,石狮市,350,
350582,晋江市,350,
350583,南安市,350,
350600,漳州市,350,
350601,市辖区,350,
350602,芗城区,350,
350603,龙文区,350,
350621,龙海县,350,
350622,云霄县,350,
350623,漳浦县,350,
350624,诏安县,350,
350625,长泰县,350,
350626,东山县,350,
350627,南靖县,350,
350628,平和县,350,
350629,华安县,350,
350681,龙海市,350,
350700,南平市,350,
350701,市辖区,350,
350702,延平区,350,
350721,顺昌县,350,
350722,浦城县,350,
350723,光泽县,350,
350724,松溪县,350,
350725,政和县,350,
350781,邵武市,350,
350782,武夷山市,350,
350783,建瓯市,350,
350784,建阳市,350,
350800,龙岩市,350,
350801,市辖区,350,
350802,新罗区,350,
350821,长汀县,350,
350822,永定县,350,
350823,上杭县,350,
350824,武平县,350,
350825,连城县,350,
350881,漳平市,350,
350900,宁德市,350,
350901,市辖区,350,
350902,蕉城区,350,
350921,霞浦县,350,
350922,古田县,350,
350923,屏南县,350,
350924,寿宁县,350,
350925,周宁县,350,
350926,柘荣县,350,
350981,福安市,350,
350982,福鼎市,350,
352100,南平地区,352,
352101,南平市,352,
352102,邵武市,352,
352121,顺昌县,352,
352122,建阳县,352,
352123,建瓯县,352,
352124,浦城县,352,
352126,崇安县,352,
352127,光泽县,352,
352128,松溪县,352,
352129,政和县,352,
352200,宁德地区,352,
352201,宁德市,352,
352202,福安市,352,
352203,福鼎市,352,
352221,宁德县,352,
352224,福鼎县,352,
352225,霞浦县,352,
352226,福安县,352,
352227,古田县,352,
352228,屏南县,352,
352229,寿宁县,352,
352230,周宁县,352,
352231,柘荣县,352,
352600,龙岩地区,352,
352601,龙岩市,352,
352602,漳平市,352,
352622,长汀县,352,
352623,永定县,352,
352624,上杭县,352,
352625,武平县,352,
352626,漳平县,352,
352627,连城县,352,
359000,省直辖行政单位,359,
359001,永安市,359,
359002,石狮市,359,
360000,江西省,360,
360100,南昌市,360,
360101,市辖区,360,
360102,东湖区,360,
360103,西湖区,360,
360104,青云谱区,360,
360105,湾里区,360,
360111,青山湖区,360,
360121,南昌县,360,
360122,新建县,360,
360123,安义县,360,
360124,进贤县,360,
360200,景德镇市,360,
360201,市辖区,360,
360202,昌江区,360,
360203,珠山区,360,
360211,鹅湖区,360,
360212,蛟潭区,360,
360221,乐平县,360,
360222,浮梁县,360,
360281,乐平市,360,
360300,萍乡市,360,
360301,市辖区,360,
360302,安源区,360,
360311,上栗区,360,
360312,芦溪区,360,
360313,湘东区,360,
360321,莲花县,360,
360322,上栗县,360,
360323,芦溪县,360,
360400,九江市,360,
360401,市辖区,360,
360402,庐山区,360,
360403,浔阳区,360,
360411,郊区,360,
360421,九江县,360,
360422,瑞昌县,360,
360423,武宁县,360,
360424,修水县,360,
360425,永修县,360,
360426,德安县,360,
360427,星子县,360,
360428,都昌县,360,
360429,湖口县,360,
360430,彭泽县,360,
360481,瑞昌市,360,
360500,新余市,360,
360501,市辖区,360,
360502,渝水区,360,
360521,分宜县,360,
360600,鹰潭市,360,
360601,市辖区,360,
360602,月湖区,360,
360621,贵溪县,360,
360622,余江县,360,
360681,贵溪市,360,
360700,赣州市,360,
360701,市辖区,360,
360702,章贡区,360,
360721,赣县,360,
360722,信丰县,360,
360723,大余县,360,
360724,上犹县,360,
360725,崇义县,360,
360726,安远县,360,
360727,龙南县,360,
360728,定南县,360,
360729,全南县,360,
360730,宁都县,360,
360731,于都县,360,
360732,兴国县,360,
360733,会昌县,360,
360734,寻乌县,360,
360735,石城县,360,
360781,瑞金市,360,
360782,南康市,360,
360800,吉安市,360,
360801,市辖区,360,
360802,吉州区,360,
360803,青原区,360,
360821,吉安县,360,
360822,吉水县,360,
360823,峡江县,360,
360824,新干县,360,
360825,永丰县,360,
360826,泰和县,360,
360827,遂川县,360,
360828,万安县,360,
360829,安福县,360,
360830,永新县,360,
360881,井冈山市,360,
360900,宜春市,360,
360901,市辖区,360,
360902,袁州区,360,
360921,奉新县,360,
360922,万载县,360,
360923,上高县,360,
360924,宜丰县,360,
360925,靖安县,360,
360926,铜鼓县,360,
360981,丰城市,360,
360982,樟树市,360,
360983,高安市,360,
361000,抚州市,361,
361001,市辖区,361,
361002,临川区,361,
361021,南城县,361,
361022,黎川县,361,
361023,南丰县,361,
361024,崇仁县,361,
361025,乐安县,361,
361026,宜黄县,361,
361027,金溪县,361,
361028,资溪县,361,
361029,东乡县,361,
361030,广昌县,361,
361100,上饶市,361,
361101,市辖区,361,
361102,信州区,361,
361121,上饶县,361,
361122,广丰县,361,
361123,玉山县,361,
361124,铅山县,361,
361125,横峰县,361,
361126,弋阳县,361,
361127,余干县,361,
361128,鄱阳县,361,
361129,万年县,361,
361130,婺源县,361,
361181,德兴市,361,
362100,赣州地区,362,
362101,赣州市,362,
362102,瑞金市,362,
362103,南康市,362,
362121,赣县,362,
362122,南康县,362,
362123,信丰县,362,
362124,大余县,362,
362125,上犹县,362,
362126,崇义县,362,
362127,安远县,362,
362128,龙南县,362,
362129,定南县,362,
362130,全南县,362,
362131,宁都县,362,
362132,于都县,362,
362133,兴国县,362,
362134,瑞金县,362,
362135,会昌县,362,
362136,寻乌县,362,
362137,石城县,362,
362200,宜春地区,362,
362201,宜春市,362,
362202,丰城市,362,
362203,樟树市,362,
362204,高安市,362,
362221,丰城县,362,
362222,高安县,362,
362223,清江县,362,
362226,奉新县,362,
362227,万载县,362,
362228,上高县,362,
362229,宜丰县,362,
362232,靖安县,362,
362233,铜鼓县,362,
362300,上饶地区,362,
362301,上饶市,362,
362302,德兴市,362,
362321,上饶县,362,
362322,广丰县,362,
362323,玉山县,362,
362324,铅山县,362,
362325,横峰县,362,
362326,弋阳县,362,
362329,余干县,362,
362330,波阳县,362,
362331,万年县,362,
362333,德兴县,362,
362334,婺源县,362,
362400,吉安地区,362,
362401,吉安市,362,
362402,井冈山市,362,
362421,吉安县,362,
362422,吉水县,362,
362423,峡江县,362,
362424,新干县,362,
362425,永丰县,362,
362426,泰和县,362,
362427,遂川县,362,
362428,万安县,362,
362429,安福县,362,
362430,永新县,362,
362431,莲花县,362,
362432,宁冈县,362,
362500,抚州地区,362,
362501,抚州市,362,
362502,临川市,362,
362521,临川县,362,
362522,南城县,362,
362523,黎川县,362,
362524,南丰县,362,
362525,崇仁县,362,
362526,乐安县,362,
362527,宜黄县,362,
362528,金溪县,362,
362529,资溪县,362,
362531,东乡县,362,
362532,广昌县,362,
370000,山东省,370,
370100,济南市,370,
370101,市辖区,370,
370102,历下区,370,
370103,市中区,370,
370104,槐荫区,370,
370105,天桥区,370,
370111,历城区,370,
370112,历城区,370,
370113,长清区,370,
370121,历城县,370,
370122,章丘县,370,
370123,长清县,370,
370124,平阴县,370,
370125,济阳县,370,
370126,商河县,370,
370181,章丘市,370,
370200,青岛市,370,
370201,市辖区,370,
370202,市南区,370,
370203,市北区,370,
370204,台东区,370,
370205,四方区,370,
370206,沧口区,370,
370211,黄岛区,370,
370212,崂山区,370,
370213,李沧区,370,
370214,城阳区,370,
370221,崂山区,370,
370222,即墨市,370,
370223,胶南县,370,
370224,胶州市,370,
370225,莱西县,370,
370226,平度市,370,
370281,胶州市,370,
370282,即墨市,370,
370283,平度市,370,
370284,胶南市,370,
370285,莱西市,370,
370300,淄博市,370,
370301,市辖区,370,
370302,淄川区,370,
370303,张店区,370,
370304,博山区,370,
370305,临淄区,370,
370306,周村区,370,
370321,桓台县,370,
370322,高青县,370,
370323,沂源县,370,
370400,枣庄市,370,
370401,市辖区,370,
370402,市中区,370,
370403,薛城区,370,
370404,峄城区,370,
370405,台儿庄区,370,
370406,山亭区,370,
370421,滕县,370,
370481,滕州市,370,
370500,东营市,370,
370501,市辖区,370,
370502,东营区,370,
370503,河口区,370,
370504,牛庄区,370,
370521,垦利县,370,
370522,利津县,370,
370523,广饶县,370,
370600,烟台市,370,
370601,市辖区,370,
370602,芝罘区,370,
370611,福山区,370,
370612,牟平区,370,
370613,莱山区,370,
370620,威海市,370,
370622,蓬莱县,370,
370623,黄县,370,
370624,招远县,370,
370625,掖县,370,
370627,莱阳县,370,
370628,栖霞县,370,
370629,海阳市,370,
370630,乳山县,370,
370631,牟平县,370,
370632,文登县,370,
370633,荣成县,370,
370634,长岛县,370,
370681,龙口市,370,
370682,莱阳市,370,
370683,莱州市,370,
370684,蓬莱市,370,
370685,招远市,370,
370686,栖霞市,370,
370687,海阳市,370,
370700,潍坊市,370,
370701,市辖区,370,
370702,潍城区,370,
370703,寒亭区,370,
370704,坊子区,370,
370705,奎文区,370,
370719,青州市,370,
370722,安丘县,370,
370723,寿光县,370,
370724,临朐县,370,
370725,昌乐县,370,
370726,昌邑县,370,
370727,高密县,370,
370728,诸城县,370,
370729,五莲县,370,
370781,青州市,370,
370782,诸城市,370,
370783,寿光市,370,
370784,安丘市,370,
370785,高密市,370,
370786,昌邑市,370,
370800,济宁市,370,
370801,市辖区,370,
370802,市中区,370,
370811,任城区,370,
370819,曲阜市,370,
370822,兖州县,370,
370825,邹县,370,
370826,微山县,370,
370827,鱼台县,370,
370828,金乡县,370,
370829,嘉祥县,370,
370830,汶上县,370,
370831,泗水县,370,
370832,梁山县,370,
370881,曲阜市,370,
370882,兖州市,370,
370883,邹城市,370,
370900,泰安市,370,
370901,市辖区,370,
370902,泰山区,370,
370903,岱岳区,370,
370911,郊区,370,
370919,莱芜市,370,
370920,新泰市,370,
370921,宁阳县,370,
370922,肥城县,370,
370923,东平县,370,
370982,新泰市,370,
370983,肥城市,370,
371000,威海市,371,
371001,市辖区,371,
371002,环翠区,371,
371021,乳山区,371,
371081,文登市,371,
371082,荣成市,371,
371083,乳山市,371,
371100,日照市,371,
371101,市辖区,371,
371102,东港区,371,
371103,岚山区,371,
371121,五莲县,371,
371122,莒县,371,
371200,莱芜市,371,
371201,市辖区,371,
371202,莱城区,371,
371203,钢城区,371,
371300,临沂市,371,
371301,市辖区,371,
371302,兰山区,371,
371311,罗庄区,371,
371312,河东区,371,
371321,沂南县,371,
371322,郯城县,371,
371323,沂水县,371,
371324,苍山县,371,
371325,费县,371,
371326,平邑县,371,
371327,莒南县,371,
371328,蒙阴县,371,
371329,临沭县,371,
371400,德州市,371,
371401,市辖区,371,
371402,德城区,371,
371421,陵县,371,
371422,宁津县,371,
371423,庆云县,371,
371424,临邑县,371,
371425,齐河县,371,
371426,平原县,371,
371427,夏津县,371,
371428,武城县,371,
371481,乐陵市,371,
371482,禹城市,371,
371500,聊城市,371,
371501,市辖区,371,
371502,东昌府区,371,
371521,阳谷县,371,
371522,莘县,371,
371523,茌平县,371,
371524,东阿县,371,
371525,冠县,371,
371526,高唐县,371,
371581,临清市,371,
371600,滨州市,371,
371601,市辖区,371,
371602,滨城区,371,
371621,惠民县,371,
371622,阳信县,371,
371623,无棣县,371,
371624,沾化县,371,
371625,博兴县,371,
371626,邹平县,371,
371700,荷泽市,371,
371701,市辖区,371,
371702,牡丹区,371,
371721,曹县,371,
371722,单县,371,
371723,成武县,371,
371724,巨野县,371,
371725,郓城县,371,
371726,鄄城县,371,
371727,定陶县,371,
371728,东明县,371,
372300,滨州地区,372,
372301,滨州市,372,
372321,惠民县,372,
372322,滨县,372,
372323,阳信县,372,
372324,无棣县,372,
372325,沾化县,372,
372328,博兴县,372,
372330,邹平县,372,
372331,高青县,372,
372400,德州地区,372,
372401,德州市,372,
372421,陵县,372,
372422,平原县,372,
372423,夏津县,372,
372424,武城县,372,
372425,齐河县,372,
372426,禹城县,372,
372427,乐陵县,372,
372428,临邑县,372,
372429,商河县,372,
372430,济阳县,372,
372431,宁津县,372,
372432,庆云县,372,
372500,聊城地区,372,
372501,聊城市,372,
372502,临清市,372,
372522,阳谷县,372,
372523,莘县,372,
372524,茌平县,372,
372525,东阿县,372,
372526,冠县,372,
372527,高唐县,372,
372800,临沂地区,372,
372801,临沂市,372,
372802,日照市,372,
372822,郯城县,372,
372823,苍山县,372,
372824,莒南县,372,
372826,莒县,372,
372827,沂水县,372,
372828,沂源县,372,
372829,蒙阴县,372,
372830,平邑县,372,
372831,费县,372,
372832,沂南县,372,
372833,临沭县,372,
372900,菏泽地区,372,
372901,菏泽市,372,
372922,曹县,372,
372923,定陶县,372,
372924,成武县,372,
372925,单县,372,
372926,巨野县,372,
372927,梁山县,372,
372928,郓城县,372,
372929,鄄城县,372,
372930,东明县,372,
379000,省直辖行政单位,379,
379001,青州市,379,
379002,龙口市,379,
379003,曲阜市,379,
379004,莱芜市,379,
379005,新泰市,379,
379007,诸城市,379,
379008,莱阳市,379,
379009,莱州市,379,
379010,藤州市,379,
379011,文登市,379,
379012,荣城市,379,
410000,河南省,410,
410100,郑州市,410,
410101,市辖区,410,
410102,中原区,410,
410103,二七区,410,
410104,管城回族区,410,
410105,金水区,410,
410106,上街区,410,
410107,新密区,410,
410108,邙山区,410,
410111,金海区,410,
410112,郊区,410,
410121,荥阳县,410,
410122,中牟县,410,
410123,新郑县,410,
410124,巩县,410,
410125,登封县,410,
410126,密县,410,
410181,巩义市,410,
410182,荥阳市,410,
410183,新密市,410,
410184,新郑市,410,
410185,登封市,410,
410200,开封市,410,
410201,市辖区,410,
410202,龙亭区,410,
410203,顺河回族区,410,
410204,鼓楼区,410,
410205,南关区,410,
410211,郊区,410,
410221,杞县,410,
410222,通许县,410,
410223,尉氏县,410,
410224,开封县,410,
410225,兰考县,410,
410300,洛阳市,410,
410301,市辖区,410,
410302,老城区,410,
410303,西工区,410,
410304,廛河回族区,410,
410305,涧西区,410,
410306,吉利区,410,
410307,洛龙区,410,
410311,郊区,410,
410321,偃师县,410,
410322,孟津县,410,
410323,新安县,410,
410324,栾川县,410,
410325,嵩县,410,
410326,汝阳县,410,
410327,宜阳县,410,
410328,洛宁县,410,
410329,伊川县,410,
410381,偃师市,410,
410400,平顶山市,410,
410401,市辖区,410,
410402,新华区,410,
410403,卫东区,410,
410404,石龙区,410,
410411,湛河区,410,
410412,舞钢区,410,
410421,宝丰县,410,
410422,叶县,410,
410423,鲁山县,410,
410424,临汝县,410,
410425,郏县,410,
410426,襄城县,410,
410481,舞钢市,410,
410482,汝州市,410,
410500,安阳市,410,
410501,市辖区,410,
410502,文峰区,410,
410503,北关区,410,
410504,铁西区,410,
410505,殷都区,410,
410506,龙安区,410,
410511,郊区,410,
410521,林县,410,
410522,安阳县,410,
410523,汤阴县,410,
410526,滑县,410,
410527,内黄县,410,
410581,林州市,410,
410600,鹤壁市,410,
410601,市辖区,410,
410602,鹤山区,410,
410603,山城区,410,
410611,淇滨区,410,
410621,浚县,410,
410622,淇县,410,
410700,新乡市,410,
410701,市辖区,410,
410702,红旗区,410,
410703,卫滨区,410,
410704,凤泉区,410,
410711,牧野区,410,
410721,新乡县,410,
410722,汲县,410,
410723,辉县,410,
410724,获嘉县,410,
410725,原阳县,410,
410726,延津县,410,
410727,封丘县,410,
410728,长垣县,410,
410781,卫辉市,410,
410782,辉县市,410,
410800,焦作市,410,
410801,市辖区,410,
410802,解放区,410,
410803,中站区,410,
410804,马村区,410,
410811,山阳区,410,
410821,修武县,410,
410822,博爱县,410,
410823,武陟县,410,
410824,沁阳县,410,
410825,温县,410,
410826,孟陟县,410,
410827,济源县,410,
410881,济源市,410,
410882,沁阳市,410,
410883,孟州市,410,
410900,濮阳市,410,
410901,市辖区,410,
410902,华龙区,410,
410922,清丰县,410,
410923,南乐县,410,
410925,长垣县,410,
410926,范县,410,
410927,台前县,410,
410928,濮阳县,410,
411000,许昌市,411,
411001,市辖区,411,
411002,魏都区,411,
411021,禹县,411,
411022,长葛县,411,
411023,许昌县,411,
411024,鄢陵县,411,
411025,襄城县,411,
411081,禹州市,411,
411082,长葛市,411,
411100,漯河市,411,
411101,市辖区,411,
411102,源汇区,411,
411103,郾城区,411,
411104,召陵区,411,
411121,舞阳县,411,
411122,临颍县,411,
411123,郾城县,411,
411200,三门峡市,411,
411201,市辖区,411,
411202,湖滨区,411,
411219,义马市,411,
411221,渑池县,411,
411222,陕县,411,
411223,灵宝县,411,
411224,卢氏县,411,
411281,义马市,411,
411282,灵宝市,411,
411300,南阳市,411,
411301,市辖区,411,
411302,宛城区,411,
411303,卧龙区,411,
411321,南召县,411,
411322,方城县,411,
411323,西峡县,411,
411324,镇平县,411,
411325,内乡县,411,
411326,淅川县,411,
411327,社旗县,411,
411328,唐河县,411,
411329,新野县,411,
411330,桐柏县,411,
411381,邓州市,411,
411400,商丘市,411,
411401,市辖区,411,
411402,梁园区,411,
411403,睢阳区,411,
411421,民权县,411,
411422,睢县,411,
411423,宁陵县,411,
411424,柘城县,411,
411425,虞城县,411,
411426,夏邑县,411,
411481,永城市,411,
411500,信阳市,411,
411501,市辖区,411,
411502,师河区,411,
411503,平桥区,411,
411521,罗山县,411,
411522,光山县,411,
411523,新县,411,
411524,商城县,411,
411525,固始县,411,
411526,潢川县,411,
411527,淮滨县,411,
411528,息县,411,
411600,周口市,411,
411601,市辖区,411,
411602,川汇区,411,
411621,扶沟县,411,
411622,西华县,411,
411623,商水县,411,
411624,沈丘县,411,
411625,郸城县,411,
411626,淮阳县,411,
411627,太康县,411,
411628,鹿邑县,411,
411681,项城市,411,
411700,驻马店市,411,
411701,市辖区,411,
411702,驿城区,411,
411721,西平县,411,
411722,上蔡县,411,
411723,平舆县,411,
411724,正阳县,411,
411725,确山县,411,
411726,泌阳县,411,
411727,汝南县,411,
411728,遂平县,411,
411729,新蔡县,411,
412300,商丘地区,412,
412301,商丘市,412,
412321,虞城县,412,
412322,商丘县,412,
412323,民权县,412,
412324,宁陵县,412,
412325,睢县,412,
412326,夏邑县,412,
412327,柘城县,412,
412328,永城县,412,
412700,周口地区,412,
412701,周口市,412,
412702,项城市,412,
412721,扶沟县,412,
412722,西华县,412,
412723,商水县,412,
412724,太康县,412,
412725,鹿邑县,412,
412726,郸城县,412,
412727,淮阳县,412,
412728,沈丘县,412,
412729,项城县,412,
412800,驻马店地区,412,
412801,驻马店市,412,
412821,确山县,412,
412822,泌阳县,412,
412823,遂平县,412,
412824,西平县,412,
412825,上蔡县,412,
412826,汝南县,412,
412827,平舆县,412,
412828,新蔡县,412,
412829,正阳县,412,
412900,南阳地区,412,
412901,南阳市,412,
412902,邓州市,412,
412921,南召县,412,
412922,方城县,412,
412923,西峡县,412,
412924,南阳县,412,
412925,镇平县,412,
412926,内乡县,412,
412927,淅川县,412,
412928,社旗县,412,
412929,唐河县,412,
412930,邓县,412,
412931,新野县,412,
412932,桐柏县,412,
413000,信阳地区,413,
413001,信阳市,413,
413021,息县,413,
413022,淮滨县,413,
413023,信阳县,413,
413024,潢川县,413,
413025,光山县,413,
413026,固始县,413,
413027,商城县,413,
413028,罗山县,413,
413029,新山县,413,
419000,省直辖行政单位,419,
419001,义马市,419,
419002,汝州市,419,
419003,济源市,419,
419004,禹州市,419,
419005,卫辉市,419,
419006,辉县市,419,
420000,湖北省,420,
420100,武汉市,420,
420101,市辖区,420,
420102,江岸区,420,
420103,江汉区,420,
420104,乔口区,420,
420105,汉阳区,420,
420106,武昌区,420,
420107,青山区,420,
420111,洪山区,420,
420112,东西湖区,420,
420113,汉南区,420,
420114,蔡甸区,420,
420115,江夏区,420,
420116,黄陂区,420,
420117,新洲区,420,
420121,汉阳县,420,
420122,武昌县,420,
420123,黄陂县,420,
420124,新洲县,420,
420200,黄石市,420,
420201,市辖区,420,
420202,黄石港区,420,
420203,西塞山区,420,
420204,下陆区,420,
420205,铁山区,420,
420221,大冶县,420,
420222,阳新县,420,
420281,大冶市,420,
420300,十堰市,420,
420301,市辖区,420,
420302,茅箭区,420,
420303,张湾区,420,
420321,郧县,420,
420322,郧西县,420,
420323,竹山县,420,
420324,竹溪县,420,
420325,房县,420,
420381,丹江口市,420,
420400,沙市,420,
420500,宜昌市,420,
420501,市辖区,420,
420502,西陵区,420,
420503,伍家岗区,420,
420504,点军区,420,
420505,猇亭区,420,
420506,夷陵区,420,
420521,宜昌县,420,
420523,枝江县,420,
420525,远安县,420,
420526,兴山县,420,
420527,秭归县,420,
420528,长阳土家族自治县,420,
420529,五峰土家族自治县,420,
420581,宜都市,420,
420582,当阳市,420,
420583,枝江市,420,
420600,襄樊市,420,
420601,市辖区,420,
420602,襄城区,420,
420603,樊东区,420,
420604,樊西区,420,
420605,郊区,420,
420606,樊城区,420,
420607,襄阳区,420,
420619,随州市,420,
420620,老河口市,420,
420621,襄阳县,420,
420622,枣阳县,420,
420624,南漳县,420,
420625,谷城县,420,
420626,保康县,420,
420681,随州市,420,
420682,老河口市,420,
420683,枣阳市,420,
420684,宜城市,420,
420700,鄂州市,420,
420701,市辖区,420,
420702,梁子湖区,420,
420703,华容区,420,
420704,鄂城区,420,
420800,荆门市,420,
420801,市辖区,420,
420802,东宝区,420,
420803,沙洋区,420,
420804,掇刀区,420,
420821,京山县,420,
420822,沙洋县,420,
420881,钟祥市,420,
420900,孝感市,420,
420901,市辖区,420,
420902,孝南区,420,
420921,孝昌县,420,
420922,大悟县,420,
420923,云梦县,420,
420924,汉川县,420,
420981,应城市,420,
420982,安陆市,420,
420983,广水市,420,
420984,汉川市,420,
421000,荆州市,421,
421001,市辖区,421,
421002,沙市区,421,
421003,荆州区,421,
421011,荆州区,421,
421012,江陵区,421,
421022,公安县,421,
421023,监利县,421,
421024,江陵县,421,
421081,石首市,421,
421082,潜江市,421,
421083,洪湖市,421,
421084,钟祥市,421,
421085,石首市,421,
421086,洪湖市,421,
421087,松滋市,421,
421100,黄冈市,421,
421101,市辖区,421,
421102,黄州区,421,
421121,团风县,421,
421122,红安县,421,
421123,罗田县,421,
421124,英山县,421,
421125,浠水县,421,
421126,蕲春县,421,
421127,黄梅县,421,
421181,麻城市,421,
421182,武穴市,421,
421200,咸宁市,421,
421201,市辖区,421,
421202,咸安区,421,
421221,嘉鱼县,421,
421222,通城县,421,
421223,崇阳县,421,
421224,通山县,421,
421281,赤壁市,421,
421300,随州市,421,
421301,市辖区,421,
421302,曾都区,421,
421381,广水市,421,
422100,黄冈地区,422,
422101,麻城市,422,
422102,武穴市,422,
422121,黄冈县,422,
422123,红安县,422,
422125,罗田县,422,
422126,英山县,422,
422127,浠水县,422,
422128,蕲春县,422,
422129,广济县,422,
422130,黄梅县,422,
422200,孝感地区,422,
422201,孝感市,422,
422202,应城市,422,
422203,安隆市,422,
422204,广水市,422,
422223,大梧县,422,
422224,应山县,422,
422225,安陆县,422,
422226,云梦县,422,
422228,汉川县,422,
422300,咸宁地区,422,
422301,咸宁市,422,
422302,蒲圻市,422,
422322,嘉鱼县,422,
422324,通城县,422,
422325,崇阳县,422,
422326,通山县,422,
422327,阳新县,422,
422400,荆州地区,422,
422401,仙桃市,422,
422402,石首市,422,
422403,洪湖市,422,
422404,天门市,422,
422405,潜江市,422,
422421,江陵县,422,
422422,松滋县,422,
422423,公安县,422,
422425,监利县,422,
422426,洪湖县,422,
422428,天门县,422,
422429,潜江县,422,
422431,钟祥县,422,
422432,京山县,422,
422600,郧阳地区,422,
422601,丹江口市,422,
422622,郧县,422,
422623,郧西县,422,
422624,竹山县,422,
422625,竹溪县,422,
422626,房县,422,
422700,宜昌地区,422,
422701,枝城市,422,
422702,当阳市,422,
422721,宜昌县,422,
422722,宜都县,422,
422723,枝江县,422,
422724,当阳县,422,
422725,远安县,422,
422726,兴山县,422,
422727,秭归县,422,
422728,长阳土家族自治县,422,
422729,五峰土家族自治县,422,
422800,恩施土家族苗族自治州,422,
422801,恩施市,422,
422802,利川市,422,
422822,建始县,422,
422823,巴东县,422,
422825,宣恩县,422,
422826,咸丰县,422,
422827,来凤县,422,
422828,鹤峰县,422,
422900,省直辖行政单位,422,
422901,随州市,422,
422902,老河口市,422,
422903,枣阳市,422,
422921,神农架林区,422,
429000,省直辖行政单位,429,
429001,随州市,429,
429004,仙桃市,429,
429005,潜江市,429,
429006,天门市,429,
429021,神农架林区,429,
430000,湖南省,430,
430100,长沙市,430,
430101,市辖区,430,
430102,芙蓉区,430,
430103,天心区,430,
430104,岳麓区,430,
430105,开福区,430,
430111,雨花区,430,
430121,长沙县,430,
430122,望城县,430,
430123,浏阳县,430,
430124,宁乡县,430,
430181,浏阳市,430,
430200,株洲市,430,
430201,市辖区,430,
430202,荷塘区,430,
430203,芦淞区,430,
430204,石峰区,430,
430211,天元区,430,
430219,醴陵市,430,
430221,株洲县,430,
430223,攸县,430,
430224,茶陵县,430,
430225,炎陵县,430,
430281,醴陵市,430,
430300,湘潭市,430,
430301,市辖区,430,
430302,雨湖区,430,
430303,湘江区,430,
430304,岳塘区,430,
430305,板塘区,430,
430306,韶山区,430,
430311,郊区,430,
430312,湘韶山区,430,
430321,湘潭县,430,
430322,湘乡县,430,
430381,湘乡市,430,
430382,韶山市,430,
430400,衡阳市,430,
430401,市辖区,430,
430402,江东区,430,
430403,城南区,430,
430404,城北区,430,
430405,珠晖区,430,
430406,雁峰区,430,
430407,石鼓区,430,
430408,蒸湘区,430,
430411,郊区,430,
430412,南岳区,430,
430421,衡阳县,430,
430422,衡南县,430,
430423,衡山县,430,
430424,衡东县,430,
430425,常宁县,430,
430426,祁东县,430,
430427,来阳县,430,
430481,耒阳市,430,
430482,常宁市,430,
430500,邵阳市,430,
430501,市辖区,430,
430502,双清区,430,
430503,大祥区,430,
430504,桥头区,430,
430511,北塔区,430,
430521,邵东县,430,
430522,新邵县,430,
430523,邵阳县,430,
430524,隆回县,430,
430525,洞口县,430,
430526,武冈县,430,
430527,绥宁县,430,
430528,新宁县,430,
430529,城步苗族自治县,430,
430581,武冈市,430,
430600,岳阳市,430,
430601,市辖区,430,
430602,岳阳楼区,430,
430603,云溪区,430,
430611,君山区,430,
430621,岳阳县,430,
430622,临湘县,430,
430623,华容县,430,
430624,湘阴县,430,
430625,汨罗县,430,
430626,平江县,430,
430681,汨罗市,430,
430682,临湘市,430,
430700,常德市,430,
430701,市辖区,430,
430702,武陵区,430,
430703,鼎城区,430,
430721,安乡县,430,
430722,汉寿县,430,
430723,澧县,430,
430724,临澧县,430,
430725,桃源县,430,
430726,石门县,430,
430781,津市市,430,
430800,张家界市,430,
430801,市辖区,430,
430802,永定区,430,
430811,武陵源区,430,
430821,慈利县,430,
430822,桑植县,430,
430900,益阳市,430,
430901,市辖区,430,
430902,资阳区,430,
430903,赫山区,430,
430911,赫山区,430,
430921,南县,430,
430922,桃江县,430,
430923,安化县,430,
430981,沅江市,430,
431000,郴州市,431,
431001,市辖区,431,
431002,北湖区,431,
431003,苏仙区,431,
431021,桂阳县,431,
431022,宜章县,431,
431023,永兴县,431,
431024,嘉禾县,431,
431025,临武县,431,
431026,汝城县,431,
431027,桂东县,431,
431028,安仁县,431,
431081,资兴市,431,
431100,永州市,431,
431101,市辖区,431,
431102,芝山区,431,
431103,冷水滩区,431,
431121,祁阳县,431,
431122,东安县,431,
431123,双牌县,431,
431124,道县,431,
431125,江永县,431,
431126,宁远县,431,
431127,蓝山县,431,
431128,新田县,431,
431129,江华瑶族自治县,431,
431200,怀化市,431,
431201,市辖区,431,
431202,鹤城区,431,
431221,中方县,431,
431222,沅陵县,431,
431223,辰溪县,431,
431224,溆浦县,431,
431225,会同县,431,
431226,麻阳苗族自治县,431,
431227,新晃侗族自治县,431,
431228,芷江侗族自治县,431,
431229,靖州苗族侗族自治县,431,
431230,通道侗族自治县,431,
431281,洪江市,431,
431300,娄底市,431,
431301,市辖区,431,
431302,娄星区,431,
431321,双峰县,431,
431322,新化县,431,
431381,冷水江市,431,
431382,涟源市,431,
432300,益阳地区,432,
432301,益阳市,432,
432302,沅江市,432,
432321,益阳县,432,
432322,南县,432,
432323,沅江县,432,
432325,桃江县,432,
432326,安化县,432,
432400,常德市,432,
432401,市辖区,432,
432402,武陵区,432,
432403,鼎城区,432,
432421,常德县,432,
432422,安乡县,432,
432423,汉寿县,432,
432424,澧县,432,
432425,临澧县,432,
432426,桃源县,432,
432427,石门县,432,
432428,慈利县,432,
432500,娄底地区,432,
432501,娄底市,432,
432502,冷水江市,432,
432503,涟源市,432,
432521,涟源县,432,
432522,双峰县,432,
432524,新化县,432,
432800,郴州地区,432,
432801,郴州市,432,
432802,资兴市,432,
432821,郴县,432,
432822,桂阳县,432,
432823,永兴县,432,
432824,宜章县,432,
432826,嘉禾县,432,
432827,临武县,432,
432828,汝城县,432,
432829,桂东县,432,
432831,安仁县,432,
432900,零陵地区,432,
432901,永州市,432,
432902,冷水滩市,432,
432922,东安县,432,
432923,道县,432,
432924,宁远县,432,
432925,江永县,432,
432926,江华县,432,
432927,蓝山县,432,
432928,新田县,432,
432929,双牌县,432,
432930,祁阳县,432,
433000,怀化市,433,
433001,怀化市,433,
433002,洪江市,433,
433021,黔阳县,433,
433022,沅陵县,433,
433023,辰溪县,433,
433024,溆浦县,433,
433025,麻阳苗族自治县,433,
433026,新晃侗族自治县,433,
433027,芷江侗族自治县,433,
433029,会同县,433,
433030,靖州苗族侗族自治县,433,
433031,通道侗族自治县,433,
433100,湘西土家族苗族自治州,433,
433101,吉首市,433,
433102,大庸市,433,
433122,泸溪县,433,
433123,凤凰县,433,
433124,花垣县,433,
433125,保靖县,433,
433126,古丈县,433,
433127,永顺县,433,
433129,桑植县,433,
433130,龙山县,433,
439000,省直辖行政单位,439,
439001,醴陵市,439,
439002,湘乡市,439,
439003,来阳市,439,
439004,泪罗市,439,
439005,津市市,439,
440000,广东省,440,
440100,广州市,440,
440101,市辖区,440,
440102,东山区,440,
440103,荔湾区,440,
440104,越秀区,440,
440105,海珠区,440,
440106,天河区,440,
440107,芳村区,440,
440111,白云区,440,
440112,黄埔区,440,
440113,番禺区,440,
440114,花都区,440,
440121,花县,440,
440122,从化县,440,
440123,新丰县,440,
440124,龙门县,440,
440125,增城县,440,
440126,番禺县,440,
440127,清远县,440,
440128,佛冈县,440,
440181,番禺市,440,
440182,花都市,440,
440183,增城市,440,
440184,从化市,440,
440200,韶关市,440,
440201,市辖区,440,
440202,北江区,440,
440203,武江区,440,
440204,浈江区,440,
440205,曲江区,440,
440221,曲江县,440,
440222,始兴县,440,
440223,南雄县,440,
440224,仁化县,440,
440225,乐昌县,440,
440226,连县,440,
440229,翁源县,440,
440230,连山壮族瑶族县,440,
440231,连南瑶族自治县,440,
440232,乳源瑶族自治县,440,
440233,新丰县,440,
440281,乐昌市,440,
440282,南雄市,440,
440300,深圳市,440,
440301,市辖区,440,
440302,盐田区,440,
440303,罗湖区,440,
440304,福田区,440,
440305,南山区,440,
440306,宝安区,440,
440307,龙岗区,440,
440308,盐田区,440,
440321,宝安县,440,
440400,珠海市,440,
440401,市辖区,440,
440402,香洲区,440,
440403,斗门区,440,
440404,金湾区,440,
440421,斗门县,440,
440500,汕头市,440,
440501,市辖区,440,
440502,同平区,440,
440503,安平区,440,
440504,公园区,440,
440505,金砂区,440,
440506,达濠区,440,
440507,龙湖区,440,
440508,金园区,440,
440509,升平区,440,
440510,河浦区,440,
440511,金平区,440,
440512,濠江区,440,
440513,潮阳区,440,
440514,潮南区,440,
440515,澄海区,440,
440520,潮州市,440,
440521,澄海县,440,
440522,饶平县,440,
440523,南澳县,440,
440524,潮阳县,440,
440525,揭阳县,440,
440526,揭西县,440,
440527,普宁县,440,
440528,惠来县,440,
440581,潮州市,440,
440582,潮阳市,440,
440583,澄海市,440,
440600,佛山市,440,
440601,市辖区,440,
440602,城区,440,
440603,石湾区,440,
440604,禅城区,440,
440605,南海区,440,
440606,顺德区,440,
440607,三水区,440,
440608,高明区,440,
440620,中山市,440,
440621,三水县,440,
440622,南海县,440,
440623,顺德县,440,
440624,高明县,440,
440681,顺德市,440,
440682,南海市,440,
440683,三水市,440,
440684,高明市,440,
440700,江门市,440,
440701,市辖区,440,
440702,江海区,440,
440703,蓬江区,440,
440704,江海区,440,
440705,新会区,440,
440711,蓬江区,440,
440721,新会县,440,
440722,台山县,440,
440723,恩平县,440,
440724,开平县,440,
440725,鹤山县,440,
440726,阳江县,440,
440781,台山市,440,
440782,新会市,440,
440783,开平市,440,
440784,鹤山市,440,
440785,恩平市,440,
440800,湛江市,440,
440801,市辖区,440,
440802,赤坎区,440,
440803,霞山区,440,
440804,坡头区,440,
440811,麻章区,440,
440821,吴川县,440,
440822,廉江县,440,
440823,遂溪县,440,
440824,海康县,440,
440825,徐闻县,440,
440881,廉江市,440,
440882,雷州市,440,
440883,吴川市,440,
440900,茂名市,440,
440901,市辖区,440,
440902,茂南区,440,
440903,茂港区,440,
440921,信宜县,440,
440922,高州县,440,
440923,电白县,440,
440924,化州县,440,
440981,高州市,440,
440982,化州市,440,
440983,信宜市,440,
441200,肇庆市,441,
441201,市辖区,441,
441202,端州区,441,
441203,鼎湖区,441,
441221,高要县,441,
441222,四会县,441,
441223,广宁县,441,
441224,怀集县,441,
441225,封开县,441,
441226,德庆县,441,
441230,罗定县,441,
441282,罗定市,441,
441283,高要市,441,
441284,四会市,441,
441300,惠州市,441,
441301,市辖区,441,
441302,惠城区,441,
441303,惠阳区,441,
441321,惠阳县,441,
441322,博罗县,441,
441323,惠东县,441,
441324,龙门县,441,
441381,惠阳市,441,
441400,梅州市,441,
441401,市辖区,441,
441402,梅江区,441,
441421,梅县,441,
441422,大埔县,441,
441423,丰顺县,441,
441424,五华县,441,
441425,兴宁县,441,
441426,平远县,441,
441427,蕉岭县,441,
441481,兴宁市,441,
441500,汕尾市,441,
441501,市辖区,441,
441502,城区,441,
441521,海丰县,441,
441522,陆丰县,441,
441523,陆河县,441,
441581,陆丰市,441,
441600,河源市,441,
441601,市辖区,441,
441602,源城区,441,
441611,郊区,441,
441621,紫金县,441,
441622,龙川县,441,
441623,连平县,441,
441624,和平县,441,
441625,东源县,441,
441700,阳江市,441,
441701,市辖区,441,
441702,江城区,441,
441721,阳西县,441,
441723,阳东县,441,
441781,阳春市,441,
441800,清远市,441,
441801,市辖区,441,
441802,清城区,441,
441811,清郊区,441,
441821,佛冈县,441,
441823,阳山县,441,
441824,连县,441,
441825,连山壮族瑶族自治县,441,
441826,连南瑶族自治县,441,
441827,清新县,441,
441881,英德市,441,
441882,连州市,441,
441900,东莞市,441,
441901,市辖区,441,
442000,中山市,442,
442001,市辖区,442,
442101,海口市,442,
442121,琼山县,442,
442122,文昌县,442,
442123,琼海县,442,
442124,万宁县,442,
442125,定安县,442,
442126,屯昌县,442,
442127,澄迈县,442,
442128,临高县,442,
442129,儋县,442,
442200,黎族苗族州,442,
442201,三亚市,442,
442202,通什市,442,
442222,东方县,442,
442223,乐东县,442,
442224,琼中县,442,
442225,保亭县,442,
442226,陵水县,442,
442227,白沙县,442,
442228,昌江县,442,
442229,西沙南沙中沙群岛,442,
442401,梅县,442,
442422,大埔县,442,
442423,丰顺县,442,
442424,五华县,442,
442426,平远县,442,
442427,蕉岭县,442,
442500,惠阳地区,442,
442501,惠州市,442,
442502,东莞市,442,
442521,惠阳县,442,
442522,紫金县,442,
442523,和平县,442,
442524,连平县,442,
442525,河源县,442,
442526,博罗县,442,
442527,东莞市,442,
442528,惠东县,442,
442529,龙川县,442,
442530,陆丰县,442,
442531,海丰县,442,
442801,肇庆市,442,
442821,高要县,442,
442822,四会县,442,
442823,广宁县,442,
442824,怀集县,442,
442825,封开县,442,
442826,德庆县,442,
442827,云浮县,442,
442830,罗定县,442,
445100,潮州市,445,
445101,市辖区,445,
445102,湘桥区,445,
445121,潮安县,445,
445122,饶平县,445,
445200,揭阳市,445,
445201,市辖区,445,
445202,榕城区,445,
445221,揭东县,445,
445222,揭西县,445,
445223,普宁县,445,
445224,惠来县,445,
445281,普宁市,445,
445300,云浮市,445,
445301,市辖区,445,
445302,云城区,445,
445321,新兴县,445,
445322,郁南县,445,
445323,云安县,445,
445381,罗定市,445,
449000,省直辖行政单位,449,
449001,潮州市,449,
450000,广西壮族自治区,450,
450100,南宁市,450,
450101,市辖区,450,
450102,兴宁区,450,
450103,青秀区,450,
450104,城北区,450,
450105,江南区,450,
450106,永新区,450,
450107,西乡塘区,450,
450108,良庆区,450,
450109,邕宁区,450,
450111,市郊区,450,
450121,邕宁县,450,
450122,武鸣县,450,
450123,隆安县,450,
450124,马山县,450,
450125,上林县,450,
450126,宾阳县,450,
450127,横县,450,
450200,柳州市,450,
450201,市辖区,450,
450202,城中区,450,
450203,鱼峰区,450,
450204,柳南区,450,
450205,柳北区,450,
450211,市郊区,450,
450221,柳江县,450,
450222,柳城县,450,
450223,鹿寨县,450,
450224,融安县,450,
450225,融水苗族自治县,450,
450226,三江侗族自治县,450,
450300,桂林市,450,
450301,市辖区,450,
450302,秀峰区,450,
450303,叠彩区,450,
450304,象山区,450,
450305,七星区,450,
450311,雁山区,450,
450321,阳朔县,450,
450322,临桂县,450,
450323,灵川县,450,
450324,全州县,450,
450325,兴安县,450,
450326,永福县,450,
450327,灌阳县,450,
450328,龙胜各族自治县,450,
450329,资源县,450,
450330,平乐县,450,
450331,荔蒲县,450,
450332,恭城瑶族自治县,450,
450400,梧州市,450,
450401,市辖区,450,
450402,白云区,450,
450403,万秀区,450,
450404,蝶山区,450,
450405,长洲区,450,
450411,市郊区,450,
450421,苍梧县,450,
450422,藤县,450,
450423,蒙山县,450,
450481,岑溪市,450,
450500,北海市,450,
450501,市辖区,450,
450502,海城区,450,
450503,银海区,450,
450511,郊区,450,
450512,铁山港区,450,
450521,合浦县,450,
450600,防城港市,450,
450601,市辖区,450,
450602,港口区,450,
450603,防城区,450,
450621,上思县,450,
450681,东兴市,450,
450700,钦州市,450,
450701,市辖区,450,
450702,钦南区,450,
450703,钦北区,450,
450721,灵山县,450,
450722,浦北县,450,
450800,贵港市,450,
450801,市辖区,450,
450802,港北区,450,
450803,港南区,450,
450804,覃塘区,450,
450821,平南县,450,
450881,桂平市,450,
450900,玉林市,450,
450901,市辖区,450,
450902,玉州区,450,
450921,容县,450,
450922,陆川县,450,
450923,博白县,450,
450924,兴业县,450,
450981,北流市,450,
451000,百色市,451,
451001,市辖区,451,
451002,右江区,451,
451021,田阳县,451,
451022,田东县,451,
451023,平果县,451,
451024,德保县,451,
451025,靖西县,451,
451026,那坡县,451,
451027,凌云县,451,
451028,乐业县,451,
451029,田林县,451,
451030,西林县,451,
451031,隆林各族自治县,451,
451100,贺州市,451,
451101,市辖区,451,
451102,八步区,451,
451121,昭平县,451,
451122,钟山县,451,
451123,富川瑶族自治县,451,
451200,河池市,451,
451201,市辖区,451,
451202,金城江区,451,
451221,南丹县,451,
451222,天峨县,451,
451223,凤山县,451,
451224,东兰县,451,
451225,罗城仫佬族自治县,451,
451226,环江毛南族自治县,451,
451227,巴马瑶族自治县,451,
451228,都安瑶族自治县,451,
451229,大化瑶族自治县,451,
451281,宜州市,451,
451300,来宾市,451,
451301,市辖区,451,
451302,兴宾区,451,
451321,忻城县,451,
451322,象州县,451,
451323,武宣县,451,
451324,金秀瑶族自治县,451,
451381,合山市,451,
451400,崇左市,451,
451401,市辖区,451,
451402,江洲区,451,
451421,扶绥县,451,
451422,宁明县,451,
451423,龙州县,451,
451424,大新县,451,
451425,天等县,451,
451481,凭祥市,451,
452100,南宁地区,452,
452101,凭祥市,452,
452122,横县,452,
452123,宾阳县,452,
452124,上林县,452,
452126,隆安县,452,
452127,马山县,452,
452128,扶绥县,452,
452129,崇左县,452,
452130,大新县,452,
452131,天等县,452,
452132,宁明县,452,
452133,龙州县,452,
452200,柳州地区,452,
452201,合山市,452,
452223,鹿寨县,452,
452224,象州县,452,
452225,武宣县,452,
452226,来宾县,452,
452227,融安县,452,
452228,三江侗族自治县,452,
452229,融水苗族自治县,452,
452230,金秀瑶族自治县,452,
452231,忻城县,452,
452300,桂林地区,452,
452322,灵川县,452,
452323,全州县,452,
452324,兴安县,452,
452325,永福县,452,
452327,灌阳县,452,
452328,龙胜各族自治县,452,
452329,资源县,452,
452330,平乐县,452,
452331,荔浦县,452,
452332,恭城瑶族自治县,452,
452400,贺州地区,452,
452401,岑溪市,452,
452402,贺州市,452,
452423,藤县,452,
452424,昭平县,452,
452425,蒙山县,452,
452426,贺县,452,
452427,钟山县,452,
452428,富川瑶族自治县,452,
452500,玉林地区,452,
452501,玉林市,452,
452502,贵港市,452,
452503,北流市,452,
452522,贵县,452,
452523,桂平县,452,
452524,平南县,452,
452525,容县,452,
452526,北流县,452,
452527,陆川县,452,
452528,博白县,452,
452600,百色地区,452,
452601,百色市,452,
452622,田阳县,452,
452623,田东县,452,
452624,平果县,452,
452625,德保县,452,
452626,靖西县,452,
452627,那坡县,452,
452628,凌云县,452,
452629,乐业县,452,
452630,田林县,452,
452631,隆林各族自治县,452,
452632,西林县,452,
452700,池地区,452,
452701,河池市,452,
452702,宜州市,452,
452722,宜山县,452,
452723,罗城仫佬族自治县,452,
452724,环江毛南族自治县,452,
452725,南丹县,452,
452726,天峨县,452,
452727,凤山县,452,
452728,东兰县,452,
452729,巴马瑶族自治县,452,
452730,都安瑶族自治县,452,
452731,大化瑶族自治县,452,
452800,钦州地区,452,
452802,钦州市,452,
452821,上思县,452,
452822,防城各族自治县,452,
452824,灵山县,452,
452825,合浦县,452,
452826,浦北县,452,
460000,海南省,460,
460001,通什市,460,
460002,琼海市,460,
460003,儋州市,460,
460004,琼山市,460,
460005,文昌市,460,
460006,万宁市,460,
460007,东方市,460,
460021,琼山县,460,
460022,文昌县,460,
460023,琼海县,460,
460024,万宁县,460,
460025,定安县,460,
460026,屯昌县,460,
460027,澄迈县,460,
460028,临高县,460,
460029,詹县,460,
460030,白沙黎族自治县,460,
460031,昌江黎族自治县,460,
460032,东方黎族自治县,460,
460033,乐东黎族自治县,460,
460034,陵水黎族自治县,460,
460035,保亭黎族苗族自治县,460,
460036,琼中黎族苗族自治县,460,
460037,西沙群岛,460,
460038,南沙群岛,460,
460039,中沙群岛的岛礁及其海域,460,
460100,海口市,460,
460101,市辖区,460,
460102,振东区,460,
460103,新华区,460,
460104,秀英区,460,
460105,秀英区,460,
460106,龙华区,460,
460107,琼山区,460,
460108,美兰区,460,
460200,三亚市,460,
460201,市辖区,460,
469000,省直辖县级行政单位,469,
469001,五指山市,469,
469002,琼海市,469,
469003,儋州市,469,
469005,文昌市,469,
469006,万宁市,469,
469007,东方市,469,
469025,定安县,469,
469026,屯昌县,469,
469027,澄迈县,469,
469028,临高县,469,
469030,白沙黎族自治县,469,
469031,昌江黎族自治县,469,
469033,乐东黎族自治县,469,
469034,陵水黎族自治县,469,
469035,保亭黎族苗族自治县,469,
469036,琼中黎族苗族自治县,469,
469037,西沙群岛,469,
469038,南沙群岛,469,
469039,中沙群岛的岛礁及其海域,469,
500000,重庆市,500,
500100,市辖区,500,
500101,万州区,500,
500102,涪陵区,500,
500103,渝中区,500,
500104,大渡口区,500,
500105,江北区,500,
500106,沙坪坝区,500,
500107,九龙坡区,500,
500108,南岸区,500,
500109,北碚区,500,
500110,万盛区,500,
500111,双桥区,500,
500112,渝北区,500,
500113,巴南区,500,
500114,黔江区,500,
500115,长寿区,500,
500200,县,500,
500221,长寿县,500,
500222,綦江县,500,
500223,潼南县,500,
500224,铜梁县,500,
500225,大足县,500,
500226,荣昌县,500,
500227,璧山县,500,
500228,梁平县,500,
500229,城口县,500,
500230,丰都县,500,
500231,垫江县,500,
500232,武隆县,500,
500233,忠县,500,
500234,开县,500,
500235,云阳县,500,
500236,奉节县,500,
500237,巫山县,500,
500238,巫溪县,500,
500239,黔江土家族苗族自治县,500,
500240,石柱土家族自治县,500,
500241,秀山土家族苗族自治县,500,
500242,酉阳土家族苗族自治县,500,
500243,彭水苗族土家族自治县,500,
500300,市,500,
500381,江津市,500,
500382,合川市,500,
500383,永川市,500,
500384,南川市,500,
510000,四川省,510,
510100,成都市,510,
510101,市辖区,510,
510102,成都市东城区,510,
510103,成都市西城区,510,
510104,锦江区,510,
510105,青羊区,510,
510106,金牛区,510,
510107,武侯区,510,
510108,成华区,510,
510111,成都市金牛区,510,
510112,龙泉驿区,510,
510113,青白江区,510,
510114,新都区,510,
510115,温江区,510,
510121,金堂县,510,
510122,双流县,510,
510123,温江县,510,
510124,郫县,510,
510125,新都县,510,
510126,彭县,510,
510127,灌县,510,
510128,崇庆县,510,
510129,大邑县,510,
510130,邛崃县,510,
510131,蒲江县,510,
510132,新津县,510,
510181,都江堰市,510,
510182,彭州市,510,
510183,邛崃市,510,
510184,崇州市,510,
510200,重庆市,510,
510201,市辖区,510,
510202,渝中区,510,
510203,大渡口区,510,
510211,江北区,510,
510212,沙坪坝区,510,
510213,九龙坡区,510,
510214,南岸区,510,
510215,北碚区,510,
510216,万盛区,510,
510217,双桥区,510,
510218,渝北区,510,
510219,巴南区,510,
510221,长寿县,510,
510222,巴县,510,
510223,綦江县,510,
510224,江北县,510,
510225,江津县,510,
510226,合川县,510,
510227,潼南县,510,
510228,铜梁县,510,
510229,永川县,510,
510230,大足县,510,
510231,荣昌县,510,
510232,璧山县,510,
510281,永川市,510,
510282,江津市,510,
510283,合川市,510,
510300,自贡市,510,
510301,市辖区,510,
510302,自流井区,510,
510303,贡井区,510,
510304,大安区,510,
510311,沿滩区,510,
510321,荣县,510,
510322,富顺县,510,
510400,攀枝花市,510,
510401,市辖区,510,
510402,东区,510,
510403,西区,510,
510411,仁和区,510,
510421,米易县,510,
510422,盐边县,510,
510500,泸州市,510,
510501,市辖区,510,
510502,江阳区,510,
510503,纳溪区,510,
510504,龙马潭区,510,
510521,泸县,510,
510522,合江县,510,
510523,纳溪县,510,
510524,叙永县,510,
510525,古蔺县,510,
510600,德阳市,510,
510601,市辖区,510,
510602,德阳市市中区,510,
510603,旌阳区,510,
510622,绵竹县,510,
510623,中江县,510,
510624,广汉县,510,
510625,什邡县,510,
510626,罗江县,510,
510681,广汉市,510,
510682,什邡市,510,
510683,绵竹市,510,
510700,绵阳市,510,
510701,市辖区,510,
510702,绵阳市市中区,510,
510703,涪城区,510,
510704,游仙区,510,
510721,江油县,510,
510722,三台县,510,
510723,盐亭县,510,
510724,安县,510,
510725,梓潼县,510,
510726,北川羌族自治县,510,
510727,平武县,510,
510781,江油市,510,
510800,广元市,510,
510801,市辖区,510,
510802,市中区,510,
510811,元坝区,510,
510812,朝天区,510,
510821,旺苍县,510,
510822,青川县,510,
510823,剑阁县,510,
510824,苍溪县,510,
510900,遂宁市,510,
510901,市辖区,510,
510902,市中区,510,
510903,船山区,510,
510904,安居区,510,
510921,蓬溪县,510,
510922,射洪县,510,
510923,大英县,510,
511000,内江市,511,
511001,市辖区,511,
511002,市中区,511,
511011,东兴区,511,
511021,内江县,511,
511022,乐至县,511,
511023,安岳县,511,
511024,威远县,511,
511025,资中县,511,
511026,资阳县,511,
511027,简阳县,511,
511028,隆昌县,511,
511081,资阳市,511,
511082,简阳市,511,
511100,乐山市,511,
511101,市辖区,511,
511102,市中区,511,
511111,沙湾区,511,
511112,五通桥区,511,
511113,金口河区,511,
511121,仁寿县,511,
511122,眉山县,511,
511123,犍为县,511,
511124,井研县,511,
511125,峨眉县,511,
511126,夹江县,511,
511127,洪雅县,511,
511128,彭山县,511,
511129,沐川县,511,
511130,青神县,511,
511131,丹棱县,511,
511132,峨边彝族自治县,511,
511133,马边彝族自治县,511,
511181,峨眉山市,511,
511200,万县市,511,
511201,市辖区,511,
511202,龙宝区,511,
511203,天城区,511,
511204,五桥区,511,
511221,开县县,511,
511222,忠县县,511,
511223,梁平县,511,
511224,云阳县,511,
511225,奉节县,511,
511226,巫山县,511,
511227,巫溪县,511,
511228,城口县,511,
511300,南充市,511,
511301,市辖区,511,
511302,顺庆区,511,
511303,高坪区,511,
511304,嘉陵区,511,
511321,南部县,511,
511322,营山县,511,
511323,蓬安县,511,
511324,仪陇县,511,
511325,西充县,511,
511381,阆中市,511,
511400,眉山市,511,
511401,市辖区,511,
511402,东坡区,511,
511403,李渡区,511,
511421,仁寿县,511,
511422,彭山县,511,
511423,洪雅县,511,
511424,丹棱县,511,
511425,青神县,511,
511481,南川市,511,
511500,宜宾市,511,
511501,市辖区,511,
511502,翠屏区,511,
511521,宜宾县,511,
511522,南溪县,511,
511523,江安县,511,
511524,长宁县,511,
511525,高县,511,
511526,珙县,511,
511527,筠连县,511,
511528,兴文县,511,
511529,屏山县,511,
511600,广安市,511,
511601,市辖区,511,
511602,广安区,511,
511621,岳池县,511,
511622,武胜县,511,
511623,邻水县,511,
511681,华莹市,511,
511700,达州市,511,
511701,市辖区,511,
511702,通川区,511,
511721,达县,511,
511722,宣汉县,511,
511723,开江县,511,
511724,大竹县,511,
511725,渠县,511,
511781,万源市,511,
511800,雅安市,511,
511801,市辖区,511,
511802,雨城区,511,
511821,名山县,511,
511822,荥经县,511,
511823,汉源县,511,
511824,石棉县,511,
511825,天全县,511,
511826,芦山县,511,
511827,宝兴县,511,
511900,巴中市,511,
511901,市辖区,511,
511902,巴州区,511,
511921,通江县,511,
511922,南江县,511,
511923,平昌县,511,
512000,资阳市,512,
512001,市辖区,512,
512002,雁江区,512,
512021,安岳县,512,
512022,乐至县,512,
512081,简阳市,512,
512200,万县地区,512,
512201,万县市,512,
512221,万县,512,
512222,开县,512,
512223,忠县,512,
512224,梁平县,512,
512225,云阳县,512,
512226,奉节县,512,
512227,巫山县,512,
512228,巫溪县,512,
512229,城口县,512,
512300,涪陵地区,512,
512301,涪陵市,512,
512322,垫江县,512,
512323,南川县,512,
512324,丰都县,512,
512325,石柱土家族自治县,512,
512326,武隆县,512,
512327,彭水苗族土家族县,512,
512328,黔江土家族苗族县,512,
512329,酉阳土家族苗族县,512,
512330,秀山土家族苗族县,512,
512500,宜宾地区,512,
512501,宜宾市,512,
512527,宜宾县,512,
512528,南溪县,512,
512529,江安县,512,
512530,长宁县,512,
512531,高县,512,
512532,筠连县,512,
512533,珙连县,512,
512534,兴文县,512,
512535,屏山县,512,
512900,南充地区,512,
512901,南充市,512,
512902,华荃市,512,
512921,南充县,512,
512922,南部县,512,
512923,岳池县,512,
512924,营山县,512,
512925,广安县,512,
512926,蓬安县,512,
512927,仪陇县,512,
512928,武胜县,512,
512929,西充县,512,
512930,阆中县,512,
513000,达川地区,513,
513001,达川市,513,
513002,万源市,513,
513021,达县,513,
513022,宣汉县,513,
513023,开江县,513,
513024,万源县,513,
513025,通江县,513,
513026,南江县,513,
513027,巴中县,513,
513028,平昌县,513,
513029,大竹县,513,
513030,渠县,513,
513031,邻水县,513,
513032,白沙工农区,513,
513100,雅安地区,513,
513101,雅安市,513,
513122,名山县,513,
513123,荥经县,513,
513124,汉源县,513,
513125,石棉县,513,
513126,天全县,513,
513127,芦山县,513,
513128,宝兴县,513,
513200,阿坝藏族羌族自治州,513,
513221,汶川县,513,
513222,理县,513,
513223,茂县,513,
513224,松潘县,513,
513225,九寨沟县,513,
513226,金川县,513,
513227,小金县,513,
513228,黑水县,513,
513229,马尔康县,513,
513230,壤塘县,513,
513231,阿坝县,513,
513232,若尔盖县,513,
513233,红原县,513,
513300,甘孜藏族自治州,513,
513321,康定县,513,
513322,泸定县,513,
513323,丹巴县,513,
513324,九龙县,513,
513325,雅江县,513,
513326,道孚县,513,
513327,炉霍县,513,
513328,甘孜县,513,
513329,新龙县,513,
513330,德格县,513,
513331,白玉县,513,
513332,石渠县,513,
513333,色达县,513,
513334,理塘县,513,
513335,巴塘县,513,
513336,乡城县,513,
513337,稻城县,513,
513338,得荣县,513,
513400,凉山彝族自治州,513,
513401,西昌市,513,
513422,木里藏族自治县,513,
513423,盐源县,513,
513424,德昌县,513,
513425,会理县,513,
513426,会东县,513,
513427,宁南县,513,
513428,普格县,513,
513429,布拖县,513,
513430,金阳县,513,
513431,昭觉县,513,
513432,喜德县,513,
513433,冕宁县,513,
513434,越西县,513,
513435,甘洛县,513,
513436,美姑县,513,
513437,雷波县,513,
513500,黔江地区,513,
513521,石柱土家族自治县,513,
513522,秀山土家族苗族自治县,513,
513523,黔江土家族苗族自治县,513,
513524,酉阳土家族苗族自治县,513,
513525,彭水苗族土家族自治县,513,
513600,广安地区,513,
513601,华蓥市,513,
513621,岳池县,513,
513622,广安县,513,
513623,武胜县,513,
513624,邻水县,513,
513700,巴中地区,513,
513701,巴中市,513,
513721,通江县,513,
513722,南江县,513,
513723,平昌县,513,
513800,眉山地区,513,
513821,眉山县,513,
513822,仁寿县,513,
513823,彭山县,513,
513824,洪雅县,513,
513825,丹棱县,513,
513826,青神县,513,
513900,资阳地区,513,
513901,资阳市,513,
513902,简阳市,513,
513921,安岳县,513,
513922,乐至县,513,
519000,省直辖行政单位,519,
519001,广汉市,519,
519002,江油市,519,
519003,都江堰市,519,
519004,峨眉山市,519,
520000,贵州省,520,
520100,贵阳市,520,
520101,市辖区,520,
520102,南明区,520,
520103,云岩区,520,
520111,花溪区,520,
520112,乌当区,520,
520113,白云区,520,
520114,小河区,520,
520121,开阳县,520,
520122,息烽县,520,
520123,修文县,520,
520181,清镇市,520,
520200,六盘水市,520,
520201,钟山区,520,
520202,盘县特区,520,
520203,六枝特区,520,
520204,六枝特区,520,
520221,水城县,520,
520222,盘县,520,
520300,遵义市,520,
520301,市辖区,520,
520302,红花岗区,520,
520303,汇川区,520,
520321,遵义县,520,
520322,桐梓县,520,
520323,绥阳县,520,
520324,正安县,520,
520325,道真仡佬族苗族自治县,520,
520326,务川仡佬族苗族自治县,520,
520327,凤冈县,520,
520328,湄潭县,520,
520329,余庆县,520,
520330,习水县,520,
520381,赤水市,520,
520382,仁怀市,520,
520400,安顺市,520,
520401,市辖区,520,
520402,西秀区,520,
520421,平坝县,520,
520422,普定县,520,
520423,镇宁布依族苗族自治县,520,
520424,关岭布依族苗族自治县,520,
520425,紫云苗族布依族自治县,520,
522100,遵义地区,522,
522101,遵义市,522,
522102,赤水市,522,
522103,仁怀市,522,
522121,遵义县,522,
522122,桐梓县,522,
522123,绥阳县,522,
522124,正安县,522,
522125,道真仡佬族苗族自治县,522,
522126,务川仡佬族苗族自治县,522,
522127,凤冈县,522,
522128,湄潭县,522,
522129,余庆县,522,
522130,仁怀县,522,
522131,赤水县,522,
522132,习水县,522,
522200,铜仁地区,522,
522201,铜仁市,522,
522222,江口县,522,
522223,玉屏侗族自治县,522,
522224,石阡县,522,
522225,思南县,522,
522226,印江土家族苗族自治县,522,
522227,德江县,522,
522228,沿河土家族自治县,522,
522229,松桃苗族自治县,522,
522230,万山特区,522,
522300,黔西南布依族苗族自治州,522,
522301,兴义市,522,
522322,兴仁县,522,
522323,普安县,522,
522324,晴隆县,522,
522325,贞丰县,522,
522326,望谟县,522,
522327,册亨县,522,
522328,安龙县,522,
522400,毕节地区,522,
522401,毕节市,522,
522421,毕节县,522,
522422,大方县,522,
522423,黔西县,522,
522424,金沙县,522,
522425,织金县,522,
522426,纳雍县,522,
522427,威宁彝族回族苗族自治县,522,
522428,赫章县,522,
522500,安顺地区,522,
522501,安顺市,522,
522521,安顺县,522,
522522,开阳县,522,
522523,息烽县,522,
522524,修文县,522,
522525,清镇县,522,
522526,平坝县,522,
522527,普定县,522,
522528,关岭布依族苗族自治县,522,
522529,镇宁布依族苗族自治县,522,
522530,紫云苗族布依族自治县,522,
522600,黔东南苗族侗族自治州,522,
522601,凯里市,522,
522622,黄平县,522,
522623,施秉县,522,
522624,三穗县,522,
522625,镇远县,522,
522626,岑巩县,522,
522627,天柱县,522,
522628,锦屏县,522,
522629,剑河县,522,
522630,台江县,522,
522631,黎平县,522,
522632,榕江县,522,
522633,从江县,522,
522634,雷山县,522,
522635,麻江县,522,
522636,丹寨县,522,
522700,黔南布依族苗族自治州,522,
522701,都匀市,522,
522702,福泉市,522,
522722,荔波县,522,
522723,贵定县,522,
522724,福泉县,522,
522725,瓮安县,522,
522726,独山县,522,
522727,平塘县,522,
522728,罗甸县,522,
522729,长顺县,522,
522730,龙里县,522,
522731,惠水县,522,
522732,三都水族自治县,522,
530000,云南省,530,
530100,昆明市,530,
530101,市辖区,530,
530102,五华区,530,
530103,盘龙区,530,
530111,官渡区,530,
530112,西山区,530,
530113,东川区,530,
530121,呈贡县,530,
530122,晋宁县,530,
530123,安宁县,530,
530124,富民县,530,
530125,宜良县,530,
530126,石林彝族自治县,530,
530127,嵩明县,530,
530128,禄劝彝族苗族自治县,530,
530129,寻甸回族彝族自治县,530,
530181,安宁市,530,
530200,东川市,530,
530201,东川市市辖区,530,
530300,曲靖市,530,
530301,市辖区,530,
530302,麒麟区,530,
530321,马龙县,530,
530322,陆良县,530,
530323,师宗县,530,
530324,罗平县,530,
530325,富源县,530,
530326,会泽县,530,
530328,沾益县,530,
530381,宣威市,530,
530400,玉溪市,530,
530401,市辖区,530,
530402,红塔区,530,
530421,江川县,530,
530422,澄江县,530,
530423,通海县,530,
530424,华宁县,530,
530425,易门县,530,
530426,峨山彝族自治县,530,
530427,新平彝族傣族自治县,530,
530428,元江哈尼族彝族傣族自治县,530,
530500,保山市,530,
530501,市辖区,530,
530502,隆阳区,530,
530521,施甸县,530,
530522,腾冲县,530,
530523,龙陵县,530,
530524,昌宁县,530,
530600,昭通市,530,
530601,市辖区,530,
530602,昭阳区,530,
530621,鲁甸县,530,
530622,巧家县,530,
530623,盐津县,530,
530624,大关县,530,
530625,永善县,530,
530626,绥江县,530,
530627,镇雄县,530,
530628,彝良县,530,
530629,威信县,530,
530630,水富县,530,
530700,丽江市,530,
530701,市辖区,530,
530702,古城区,530,
530721,玉龙纳西族自治县,530,
530722,永胜县,530,
530723,华坪县,530,
530724,宁蒗彝族自治县,530,
530800,思茅市,530,
530801,市辖区,530,
530802,翠云区,530,
530821,普洱哈尼族彝族自治县,530,
530822,墨江哈尼族自治县,530,
530823,景东彝族自治县,530,
530824,景谷傣族彝族自治县,530,
530825,镇沅彝族哈尼族拉祜族自治县,530,
530826,江城哈尼族彝族自治县,530,
530827,孟连傣族拉祜族佤族自治县,530,
530828,澜沧拉祜族自治县,530,
530829,西盟佤族自治县,530,
530900,临沧市,530,
530901,市辖区,530,
530902,临翔区,530,
530921,凤庆县,530,
530922,云县,530,
530923,永德县,530,
530924,镇康县,530,
530925,双江拉祜族佤族布朗族傣族自治县,530,
530926,耿马傣族佤族自治县,530,
530927,沧源佤族自治县,530,
532100,昭通地区,532,
532101,昭通市,532,
532122,鲁甸县,532,
532123,巧家县,532,
532124,盐津县,532,
532125,大关县,532,
532126,永善县,532,
532127,绥江县,532,
532128,镇雄县,532,
532129,彝良县,532,
532130,威信县,532,
532131,水富县,532,
532200,曲靖地区,532,
532201,曲靖市,532,
532202,宣威市,532,
532223,马龙县,532,
532224,宣威县,532,
532225,富源县,532,
532226,罗平县,532,
532227,师宗县,532,
532228,陆良县,532,
532231,寻甸回族彝族自治县,532,
532233,会泽县,532,
532300,楚雄彝族自治州,532,
532301,楚雄市,532,
532322,双柏县,532,
532323,牟定县,532,
532324,南华县,532,
532325,姚安县,532,
532326,大姚县,532,
532327,永仁县,532,
532328,元谋县,532,
532329,武定县,532,
532331,禄丰县,532,
532400,玉溪地区,532,
532401,玉溪市,532,
532422,江川县,532,
532423,澄江县,532,
532424,通海县,532,
532425,华宁县,532,
532426,易门县,532,
532427,峨山彝族自治县,532,
532428,新平彝族傣族自治县,532,
532429,元江哈尼族彝族傣族自治县,532,
532500,红河哈尼族彝族自治州,532,
532501,个旧市,532,
532502,开远市,532,
532522,蒙自县,532,
532523,屏边苗族自治县,532,
532524,建水县,532,
532525,石屏县,532,
532526,弥勒县,532,
532527,泸西县,532,
532528,元阳县,532,
532529,红河县,532,
532530,金平苗族瑶族傣族自治县,532,
532531,绿春县,532,
532532,河口瑶族自治县,532,
532600,文山壮族苗族自治州,532,
532621,文山县,532,
532622,砚山县,532,
532623,西畴县,532,
532624,麻栗坡县,532,
532625,马关县,532,
532626,丘北县,532,
532627,广南县,532,
532628,富宁县,532,
532700,思茅地区,532,
532701,思茅市,532,
532721,思茅县,532,
532722,普洱哈尼族彝族自治县,532,
532723,墨江哈尼族自治县,532,
532724,景东彝族自治县,532,
532725,景谷傣族彝族自治县,532,
532726,镇沅彝族哈尼族拉祜族自治县,532,
532727,江城哈尼族彝族自治县,532,
532728,孟连傣族拉祜族佤族自治县,532,
532729,澜沧拉祜族自治县,532,
532730,西盟佤族自治县,532,
532800,西双版纳傣族自治州,532,
532801,景洪市,532,
532821,景洪县,532,
532822,勐海县,532,
532823,勐腊县,532,
532900,大理白族自治州,532,
532901,大理市,532,
532922,漾濞彝族自治县,532,
532923,祥云县,532,
532924,宾川县,532,
532925,弥渡县,532,
532926,南涧彝族自治县,532,
532927,巍山彝族回族自治县,532,
532928,永平县,532,
532929,云龙县,532,
532930,洱源县,532,
532931,剑川县,532,
532932,鹤庆县,532,
533000,保山地区,533,
533001,保山市,533,
533022,施甸县,533,
533023,腾冲县,533,
533024,龙陵县,533,
533025,昌宁县,533,
533100,德宏傣族景颇族自治州,533,
533101,畹町市,533,
533102,瑞丽市,533,
533103,潞西市,533,
533121,潞西县,533,
533122,梁河县,533,
533123,盈江县,533,
533124,陇川县,533,
533125,瑞丽县,533,
533200,丽江地区,533,
533221,丽江纳西族自治县,533,
533222,永胜县,533,
533223,华坪县,533,
533224,宁蒗彝族自治县,533,
533300,怒江傈僳族自治州,533,
533321,泸水县,533,
533322,碧江县,533,
533323,福贡县,533,
533324,贡山独龙族怒族自治县,533,
533325,兰坪白族普米族自治县,533,
533400,迪庆藏族自治州,533,
533421,香格里拉县,533,
533422,德钦县,533,
533423,维西傈僳族自治县,533,
533500,临沧地区,533,
533521,临沧县,533,
533522,凤庆县,533,
533523,云县,533,
533524,永德县,533,
533525,镇康县,533,
533526,双江拉祜族佤族布朗族傣族自治县,533,
533527,耿马傣族佤族自治县,533,
533528,沧源佤族自治县,533,
540000,西藏自治区,540,
540100,拉萨市,540,
540101,市辖区,540,
540102,城关区,540,
540121,林周县,540,
540122,当雄县,540,
540123,尼木县,540,
540124,曲水县,540,
540125,堆龙德庆县,540,
540126,达孜县,540,
540127,墨竹工卡县,540,
542100,昌都地区,542,
542121,昌都县,542,
542122,江达县,542,
542123,贡觉县,542,
542124,类乌齐县,542,
542125,丁青县,542,
542126,察雅县,542,
542127,八宿县,542,
542128,左贡县,542,
542129,芒康县,542,
542132,洛隆县,542,
542133,边坝县,542,
542134,盐井县,542,
542135,碧土县,542,
542136,妥坝县,542,
542137,生达县,542,
542200,山南地区,542,
542221,乃东县,542,
542222,扎囊县,542,
542223,贡嘎县,542,
542224,桑日县,542,
542225,琼结县,542,
542226,曲松县,542,
542227,措美县,542,
542228,洛扎县,542,
542229,加查县,542,
542231,隆子县,542,
542232,错那县,542,
542233,浪卡子县,542,
542300,日喀则地区,542,
542301,日喀则市,542,
542321,日喀则县,542,
542322,南木林县,542,
542323,江孜县,542,
542324,定日县,542,
542325,萨迦县,542,
542326,拉孜县,542,
542327,昂仁县,542,
542328,谢通门县,542,
542329,白朗县,542,
542330,仁布县,542,
542331,康马县,542,
542332,定结县,542,
542333,仲巴县,542,
542334,亚东县,542,
542335,吉隆县,542,
542336,聂拉木县,542,
542337,萨嘎县,542,
542338,岗巴县,542,
542400,那曲地区,542,
542421,那曲县,542,
542422,嘉黎县,542,
542423,比如县,542,
542424,聂荣县,542,
542425,安多县,542,
542426,申扎县,542,
542427,索县,542,
542428,班戈县,542,
542429,巴青县,542,
542430,尼玛县,542,
542500,阿里地区,542,
542521,普兰县,542,
542522,札达县,542,
542523,噶尔县,542,
542524,日土县,542,
542525,革吉县,542,
542526,改则县,542,
542527,措勤县,542,
542528,隆格尔县,542,
542600,林芝地区,542,
542621,林芝县,542,
542622,工布江达县,542,
542623,米林县,542,
542624,墨脱县,542,
542625,波密县,542,
542626,察隅县,542,
542627,朗县,542,
542721,江孜县,542,
542722,浪卡子县,542,
542723,白郎县,542,
542724,仁布县,542,
542725,康马县,542,
542726,亚东县,542,
542727,岗巴县,542,
610000,陕西省,610,
610100,西安市,610,
610101,市辖区,610,
610102,新城区,610,
610103,碑林区,610,
610104,莲湖区,610,
610111,灞桥区,610,
610112,未央区,610,
610113,雁塔区,610,
610114,阎良区,610,
610115,临潼区,610,
610116,长安区,610,
610121,长安县,610,
610122,蓝田县,610,
610123,临潼县,610,
610124,周至县,610,
610125,户县,610,
610126,高陵县,610,
610200,铜川市,610,
610201,市辖区,610,
610202,王益区,610,
610203,印台区,610,
610204,耀州区,610,
610221,耀县,610,
610222,宜君县,610,
610300,宝鸡市,610,
610301,市辖区,610,
610302,渭滨区,610,
610303,金台区,610,
610304,陈仓区,610,
610321,宝鸡县,610,
610322,凤翔县,610,
610323,岐山县,610,
610324,扶风县,610,
610326,眉县,610,
610327,陇县,610,
610328,千阳县,610,
610329,麟游县,610,
610330,凤县,610,
610331,太白县,610,
610400,咸阳市,610,
610401,市辖区,610,
610402,秦都区,610,
610403,杨凌区,610,
610404,渭城区,610,
610421,兴平县,610,
610422,三原县,610,
610423,泾阳县,610,
610424,乾县,610,
610425,礼泉县,610,
610426,永寿县,610,
610427,彬县,610,
610428,长武县,610,
610429,旬邑县,610,
610430,淳化县,610,
610431,武功县,610,
610481,兴平市,610,
610500,渭南市,610,
610501,市辖区,610,
610502,临渭区,610,
610521,华县,610,
610522,潼关县,610,
610523,大荔县,610,
610524,合阳县,610,
610525,澄城县,610,
610526,蒲城县,610,
610527,白水县,610,
610528,富平县,610,
610581,韩城市,610,
610582,华阴市,610,
610600,延安市,610,
610601,市辖区,610,
610602,宝塔区,610,
610621,延长县,610,
610622,延川县,610,
610623,子长县,610,
610624,安塞县,610,
610625,志丹县,610,
610626,吴旗县,610,
610627,甘泉县,610,
610628,富县,610,
610629,洛川县,610,
610630,宜川县,610,
610631,黄龙县,610,
610632,黄陵县,610,
610700,汉中市,610,
610701,市辖区,610,
610702,汉台区,610,
610721,南郑县,610,
610722,城固县,610,
610723,洋县,610,
610724,西乡县,610,
610725,勉县,610,
610726,宁强县,610,
610727,略阳县,610,
610728,镇巴县,610,
610729,留坝县,610,
610730,佛坪县,610,
610800,榆林市,610,
610801,市辖区,610,
610802,榆阳区,610,
610821,神木县,610,
610822,府谷县,610,
610823,横山县,610,
610824,靖边县,610,
610825,定边县,610,
610826,绥德县,610,
610827,米脂县,610,
610828,佳县,610,
610829,吴堡县,610,
610830,清涧县,610,
610831,子洲县,610,
610900,安康市,610,
610901,市辖区,610,
610902,汉滨区,610,
610921,汉阴县,610,
610922,石泉县,610,
610923,宁陕县,610,
610924,紫阳县,610,
610925,岚皋县,610,
610926,平利县,610,
610927,镇坪县,610,
610928,旬阳县,610,
610929,白河县,610,
611000,商洛市,611,
611001,市辖区,611,
611002,商州区,611,
611021,洛南县,611,
611022,丹凤县,611,
611023,商南县,611,
611024,山阳县,611,
611025,镇安县,611,
611026,柞水县,611,
612100,渭南地区,612,
612101,渭南市,612,
612102,韩城市,612,
612124,华县,612,
612125,华阴县,612,
612126,潼关县,612,
612127,大荔县,612,
612128,蒲城县,612,
612129,澄城县,612,
612130,白水县,612,
612132,合阳县,612,
612133,富平县,612,
612300,汉中地区,612,
612301,汉中市,612,
612321,南郑县,612,
612322,城固县,612,
612323,洋固县,612,
612324,西乡县,612,
612325,勉乡县,612,
612326,宁强县,612,
612327,略阳县,612,
612328,镇巴县,612,
612329,留坝县,612,
612330,佛坪县,612,
612400,安康地区,612,
612401,安康市,612,
612421,安康县,612,
612422,汉阴县,612,
612423,石泉县,612,
612424,宁陕县,612,
612425,紫阳县,612,
612426,岚皋县,612,
612427,平利县,612,
612428,镇坪县,612,
612429,旬阳县,612,
612430,白河县,612,
612500,商洛地区,612,
612501,商州市,612,
612521,商县,612,
612522,洛南县,612,
612523,丹凤县,612,
612524,商南县,612,
612525,山阳县,612,
612526,镇安县,612,
612527,柞水县,612,
612600,延安地区,612,
612601,延安市,612,
612621,延长县,612,
612622,延川县,612,
612623,子长县,612,
612624,安塞县,612,
612625,志丹县,612,
612626,吴旗县,612,
612627,甘泉县,612,
612628,富泉县,612,
612629,洛川县,612,
612630,宜川县,612,
612631,黄龙县,612,
612632,黄陵县,612,
612700,榆林地区,612,
612701,榆林市,612,
612721,榆林县,612,
612722,神木县,612,
612723,府谷县,612,
612724,横山县,612,
612725,靖边县,612,
612726,定边县,612,
612727,绥德县,612,
612728,米脂县,612,
612729,佳县,612,
612730,吴堡县,612,
612731,清涧县,612,
612732,子洲县,612,
620000,甘肃省,620,
620100,兰州市,620,
620101,市辖区,620,
620102,城关区,620,
620103,七里河区,620,
620104,西固区,620,
620105,安宁区,620,
620111,红古区,620,
620121,永登县,620,
620122,皋兰县,620,
620123,榆中县,620,
620200,嘉峪关市,620,
620201,市辖区,620,
620202,嘉峪关区,620,
620300,金昌市,620,
620301,市辖区,620,
620302,金川区,620,
620321,永昌县,620,
620400,白银市,620,
620401,市辖区,620,
620402,白银区,620,
620403,平川区,620,
620421,靖远县,620,
620422,会宁县,620,
620423,景泰县,620,
620500,天水市,620,
620501,市辖区,620,
620502,秦城区,620,
620503,北道区,620,
620521,清水县,620,
620522,秦安县,620,
620523,甘谷县,620,
620524,武山县,620,
620525,张家川回族自治县,620,
620600,武威市,620,
620601,市辖区,620,
620602,凉州区,620,
620621,民勤县,620,
620622,古浪县,620,
620623,天祝藏族自治县,620,
620700,张掖市,620,
620701,市辖区,620,
620702,甘州区,620,
620721,肃南裕固族自治县,620,
620722,民乐县,620,
620723,临泽县,620,
620724,高台县,620,
620725,山丹县,620,
620800,平凉市,620,
620801,市辖区,620,
620802,崆峒区,620,
620821,泾川县,620,
620822,灵台县,620,
620823,崇信县,620,
620824,华亭县,620,
620825,庄浪县,620,
620826,静宁县,620,
620900,酒泉市,620,
620901,市辖区,620,
620902,肃州区,620,
620921,金塔县,620,
620922,安西县,620,
620923,肃北蒙古族自治县,620,
620924,阿克塞哈萨克族自治县,620,
620981,玉门市,620,
620982,敦煌市,620,
621000,庆阳市,621,
621001,市辖区,621,
621002,西峰区,621,
621021,庆城县,621,
621022,环县,621,
621023,华池县,621,
621024,合水县,621,
621025,正宁县,621,
621026,宁县,621,
621027,镇原县,621,
621100,定西市,621,
621101,市辖区,621,
621102,安定区,621,
621121,通渭县,621,
621122,陇西县,621,
621123,渭源县,621,
621124,临洮县,621,
621125,漳县,621,
621126,岷县,621,
621200,陇南市,621,
621201,市辖区,621,
621202,武都区,621,
621221,成县,621,
621222,文县,621,
621223,宕昌县,621,
621224,康县,621,
621225,西和县,621,
621226,礼县,621,
621227,徽县,621,
621228,两当县,621,
622100,酒泉地区,622,
622101,玉门市,622,
622102,酒泉市,622,
622103,敦煌市,622,
622122,敦煌县,622,
622123,金塔县,622,
622124,肃北蒙古族自治县,622,
622125,阿克塞哈萨克族自治县,622,
622126,安西县,622,
622200,张掖地区,622,
622201,张掖市,622,
622222,肃南裕固族自治县,622,
622223,民乐县,622,
622224,临泽县,622,
622225,高台县,622,
622226,山丹县,622,
622300,武威地区,622,
622301,武威市,622,
622322,民勤县,622,
622323,古浪县,622,
622326,天祝藏族自治县,622,
622400,定西地区,622,
622421,定西县,622,
622424,通渭县,622,
622425,陇西县,622,
622426,渭源县,622,
622427,临洮县,622,
622428,漳县,622,
622429,岷县,622,
622600,陇南地区,622,
622621,武都县,622,
622623,宕昌县,622,
622624,成县,622,
622625,康县,622,
622626,文县,622,
622627,西和县,622,
622628,礼县,622,
622629,两当县,622,
622630,徽县,622,
622700,平凉地区,622,
622701,平凉市,622,
622722,泾川县,622,
622723,灵台县,622,
622724,崇信县,622,
622725,华亭县,622,
622726,庄浪县,622,
622727,静宁县,622,
622800,庆阳地区,622,
622801,西峰市,622,
622821,庆阳县,622,
622822,环县,622,
622823,华池县,622,
622824,合水县,622,
622825,正宁县,622,
622826,宁县,622,
622827,镇原县,622,
622900,临夏回族自治州,622,
622901,临夏市,622,
622921,临夏县,622,
622922,康乐县,622,
622923,永靖县,622,
622924,广河县,622,
622925,和政县,622,
622926,东乡族自治县,622,
622927,积石山保安族东乡族撒拉族自治县,622,
623000,甘南藏族自治州,623,
623001,合作市,623,
623021,临潭县,623,
623022,卓尼县,623,
623023,舟曲县,623,
623024,迭部县,623,
623025,玛曲县,623,
623026,碌曲县,623,
623027,夏河县,623,
630000,青海省,630,
630100,西宁市,630,
630101,市辖区,630,
630102,城东区,630,
630103,城中区,630,
630104,城西区,630,
630105,城北区,630,
630111,西宁市郊区,630,
630121,大通回族土族自治县,630,
630122,湟中县,630,
630123,湟源县,630,
632100,海东地区,632,
632121,平安县,632,
632122,民和回族土族自治县,632,
632123,乐都县,632,
632124,湟中县,632,
632125,湟源县,632,
632126,互助土族自治县,632,
632127,化隆回族自治县,632,
632128,循化撒拉族自治县,632,
632200,海北藏族自治州,632,
632221,门源回族自治县,632,
632222,祁连县,632,
632223,海晏县,632,
632224,刚察县,632,
632300,黄南藏族自治州,632,
632321,同仁县,632,
632322,尖扎县,632,
632323,泽库县,632,
632324,蒙古族自治县,632,
632500,藏族自治州,632,
632521,共和县,632,
632522,同德县,632,
632523,贵德县,632,
632524,兴海县,632,
632525,贵南县,632,
632600,果洛藏族自治州,632,
632621,玛沁县,632,
632622,班玛县,632,
632623,甘德县,632,
632624,达日县,632,
632625,久治县,632,
632626,玛多县,632,
632700,玉树藏族自治州,632,
632721,玉树县,632,
632722,杂多县,632,
632723,称多县,632,
632724,治多县,632,
632725,囊谦县,632,
632726,曲麻莱县,632,
632800,海西蒙古族藏族自治州,632,
632801,格尔木市,632,
632802,德令哈市,632,
632821,乌兰县,632,
632822,都兰县,632,
632823,天峻县,632,
632824,大柴旦镇,632,
632825,冷湖镇,632,
632826,茫崖镇,632,
640000,宁夏回族自治区,640,
640100,银川市,640,
640101,市辖区,640,
640102,城区,640,
640103,新城区,640,
640104,兴庆区,640,
640105,西夏区,640,
640106,金凤区,640,
640111,郊区,640,
640121,永宁县,640,
640122,贺兰县,640,
640181,灵武市,640,
640200,石嘴山市,640,
640201,市辖区,640,
640202,大武口区,640,
640203,石嘴山区,640,
640204,石炭井区,640,
640205,惠农区,640,
640211,郊区,640,
640221,平罗县,640,
640222,陶乐县,640,
640223,惠农县,640,
640300,吴忠市,640,
640301,市辖区,640,
640302,利通区,640,
640321,中卫县,640,
640322,中宁县,640,
640323,盐池县,640,
640324,同心县,640,
640381,青铜峡市,640,
640382,灵武市,640,
640400,固原市,640,
640401,市辖区,640,
640402,原州区,640,
640422,西吉县,640,
640423,隆德县,640,
640424,泾源县,640,
640425,彭阳县,640,
640500,中卫市,640,
640501,市辖区,640,
640502,沙坡头区,640,
640521,中宁县,640,
640522,海原县,640,
642100,银南地区,642,
642101,吴忠市,642,
642102,青铜峡市,642,
642123,中卫县,642,
642124,中宁县,642,
642125,灵武县,642,
642126,盐池县,642,
642127,同心县,642,
642200,固原地区,642,
642221,固原县,642,
642222,海原县,642,
642223,西吉县,642,
642224,隆德县,642,
642225,泾源县,642,
642226,彭阳县,642,
650000,新疆维吾尔自治区,650,
650100,乌鲁木齐市,650,
650101,市辖区,650,
650102,天山区,650,
650103,沙依巴克区,650,
650104,新市区,650,
650105,水磨沟区,650,
650106,头屯河区,650,
650107,达坂城区,650,
650108,东山区,650,
650121,乌鲁木齐县,650,
650200,克拉玛依市,650,
650201,市辖区,650,
650202,独山子区,650,
650203,克拉玛依区,650,
650204,白碱滩区,650,
650205,乌尔禾区,650,
650300,石河子市,650,
652100,吐鲁番地区,652,
652101,吐鲁番市,652,
652122,鄯善县,652,
652123,托克逊县,652,
652200,哈密地区,652,
652201,哈密市,652,
652222,巴里坤哈萨克自治县,652,
652223,伊吾县,652,
652300,昌吉回族自治州,652,
652301,昌吉市,652,
652302,阜康市,652,
652303,米泉市,652,
652321,昌吉市,652,
652322,米泉县,652,
652323,呼图壁县,652,
652324,玛纳斯县,652,
652325,奇台县,652,
652326,阜康县,652,
652327,吉木萨尔县,652,
652328,木垒哈萨克自治县,652,
652700,博尔塔拉蒙古自治州,652,
652701,博乐市,652,
652722,精河县,652,
652723,温泉县,652,
652800,巴音郭楞蒙古自治州,652,
652801,库尔勒市,652,
652822,轮台县,652,
652823,尉犁县,652,
652824,若羌县,652,
652825,且末县,652,
652826,焉耆回族自治县,652,
652827,和静县,652,
652828,和硕县,652,
652829,博湖县,652,
652900,阿克苏地区,652,
652901,阿克苏市,652,
652922,温宿县,652,
652923,库车县,652,
652924,沙雅县,652,
652925,新和县,652,
652926,拜城县,652,
652927,乌什县,652,
652928,阿瓦提县,652,
652929,柯坪县,652,
653000,克孜勒苏柯尔克孜自治州,653,
653001,阿图什市,653,
653021,阿图什县,653,
653022,阿克陶县,653,
653023,阿合奇县,653,
653024,乌恰县,653,
653100,喀什地区,653,
653101,喀什市,653,
653121,疏附县,653,
653122,疏勒县,653,
653123,英吉沙县,653,
653124,泽普县,653,
653125,莎车县,653,
653126,叶城县,653,
653127,麦盖提县,653,
653128,岳普湖县,653,
653129,伽师县,653,
653130,巴楚县,653,
653131,塔什库尔干塔吉克自治县,653,
653200,和田地区,653,
653201,和田市,653,
653221,和田县,653,
653222,墨玉县,653,
653223,皮山县,653,
653224,洛浦县,653,
653225,策勒县,653,
653226,于田县,653,
653227,民丰县,653,
654000,伊犁哈萨克自治州,654,
654001,奎屯市,654,
654002,伊宁市,654,
654003,奎屯市,654,
654021,伊宁县,654,
654022,察布查尔锡伯自治县,654,
654023,霍城县,654,
654024,巩留县,654,
654025,新源县,654,
654026,昭苏县,654,
654027,特克斯县,654,
654028,尼勒克县,654,
654100,伊犁地区,654,
654101,伊宁市,654,
654121,伊宁县,654,
654122,察布查尔锡伯自治县,654,
654123,霍城县,654,
654124,巩留县,654,
654125,新源县,654,
654126,昭苏县,654,
654127,特克斯县,654,
654128,尼勒克县,654,
654200,塔城地区,654,
654201,塔城市,654,
654202,乌苏市,654,
654221,额敏县,654,
654222,乌苏县,654,
654223,沙湾县,654,
654224,托里县,654,
654225,裕民县,654,
654226,和布克赛尔蒙古自治县,654,
654300,阿勒泰地区,654,
654301,阿勒泰市,654,
654321,布尔津县,654,
654322,富蕴县,654,
654323,福海县,654,
654324,哈巴河县,654,
654325,青河县,654,
654326,吉木乃县,654,
659000,省直辖行政单位,659,
659001,石河子市,659,
659002,阿拉尔市,659,
659003,图木舒克市,659,
659004,五家渠市,659,
710000,台湾省,710,
810000,香港特别行政区,810,
820000,澳门特别行政区,820,
900000,国外,900,
900004,阿富汗,900,
900008,阿尔巴尼亚,900,
900010,南极洲,900,
900012,阿尔及利亚,900,
900016,美属萨摩亚,900,
900020,安道尔,900,
900024,安哥拉,900,
900028,安提瓜,900,
900032,阿根廷,900,
900036,澳大利亚,900,
900040,奥地利,900,
900044,巴哈马,900,
900048,巴林,900,
900050,孟加拉,900,
900052,巴巴多斯,900,
900056,比利时,900,
900060,百慕大,900,
900064,不丹,900,
900068,玻利维亚,900,
900072,博茨瓦纳,900,
900074,布维岛,900,
900076,巴西,900,
900084,伯利兹,900,
900086,英属印度洋领土,900,
900090,所罗门群岛,900,
900092,英属维尔京群岛,900,
900096,文莱,900,
900100,保加利亚,900,
900104,缅甸,900,
900108,布隆迪,900,
900112,白俄罗斯,900,
900116,柬埔寨,900,
900120,喀麦隆,900,
900124,加拿大,900,
900128,坎顿和恩德贝里群岛,900,
900132,佛得角,900,
900136,开曼群岛,900,
900140,中非,900,
900144,斯里兰卡,900,
900148,乍得,900,
900152,智利,900,
900156,中国,900,
900162,圣诞岛,900,
900166,可可(基林)群岛,900,
900170,哥伦比亚,900,
900174,科摩罗,900,
900176,刚果,900,
900180,扎伊尔,900,
900184,库克群岛,900,
900188,哥斯达黎加,900,
900192,古巴,900,
900196,塞浦路斯,900,
900200,捷克斯洛伐克,900,
900204,贝宁,900,
900208,丹麦,900,
900212,多米尼加,900,
900214,多米尼加共和国,900,
900216,毛德地,900,
900218,厄瓜多尔,900,
900222,萨尔瓦多,900,
900226,赤道几内亚,900,
900230,埃塞俄比亚,900,
900234,法罗,900,
900238,福克兰群岛(马尔维纳斯),900,
900242,斐济,900,
900246,芬兰,900,
900250,法国,900,
900254,法属圭亚那,900,
900258,法属玻利尼西亚,900,
900262,吉布提,900,
900266,加蓬,900,
900270,冈比亚,900,
900278,德意志民主共和国,900,
900280,德意志联邦共和国,900,
900288,加纳,900,
900292,直布罗陀,900,
900296,基里巴斯,900,
900300,希腊,900,
900304,格陵兰,900,
900308,格林纳达,900,
900312,瓜德罗普,900,
900316,关岛,900,
900320,危地马拉,900,
900324,几内亚,900,
900328,圭亚那,900,
900332,海地,900,
900334,赫德岛,900,
900336,梵蒂冈,900,
900340,洪都拉斯,900,
900344,香港,900,
900348,匈牙利,900,
900352,冰岛,900,
900356,印度,900,
900360,印度尼西亚,900,
900364,伊朗,900,
900368,伊拉克,900,
900372,爱尔兰,900,
900374,巴勒斯坦,900,
900376,以色列,900,
900380,意大利,900,
900384,象牙海岸,900,
900388,牙买加,900,
900392,日本,900,
900396,约斡斯顿岛,900,
900400,约旦,900,
900404,肯尼亚,900,
900408,朝鲜,900,
900410,南朝鲜,900,
900414,科威特,900,
900418,老挝,900,
900422,黎巴嫩,900,
900426,莱索托,900,
900430,利比里亚,900,
900434,利比亚,900,
900438,列支敦士登,900,
900442,卢森堡,900,
900446,澳门,900,
900450,马达加斯加,900,
900454,马拉维,900,
900458,马来西亚,900,
900462,马尔代夫,900,
900466,马里,900,
900470,马耳他,900,
900474,马提尼克,900,
900478,毛里塔尼亚,900,
900480,毛里求斯,900,
900484,墨西哥,900,
900488,中途岛,900,
900492,摩纳哥,900,
900496,蒙古,900,
900500,蒙特塞拉特,900,
900504,摩洛哥,900,
900508,莫桑比克,900,
900512,阿曼,900,
900516,纳米比亚,900,
900520,瑙鲁,900,
900524,尼泊尔,900,
900528,荷兰,900,
900532,荷属安的列斯,900,
900536,中间地带,900,
900540,新喀里多尼亚,900,
900548,瓦努阿图,900,
900554,新西兰,900,
900558,尼加拉瓜,900,
900562,尼日尔,900,
900566,尼日利亚,900,
900570,纽埃岛,900,
900574,诺富克岛,900,
900578,挪威,900,
900582,太平洋群岛,900,
900586,巴基斯坦,900,
900590,巴拿马,900,
900598,巴布亚新几内亚,900,
900600,巴拉圭,900,
900604,秘鲁,900,
900608,菲律宾,900,
900612,皮特凯恩岛,900,
900616,波兰,900,
900620,葡萄牙,900,
900624,几内亚比绍,900,
900626,东蒂汶,900,
900630,波多黎各,900,
900634,卡诺尔,900,
900638,留尼汪,900,
900642,罗马尼亚,900,
900646,卢旺达,900,
900654,圣赫勒拿,900,
900658,圣基茨-尼维斯-安圭拉,900,
900662,圣卢西亚,900,
900666,圣皮埃尔和密克隆,900,
900670,圣文森特和格林纳斯丁,900,
900674,圣马力诺,900,
900678,圣多美和普林西比,900,
900682,沙特阿拉伯,900,
900686,塞内加尔,900,
900690,塞舌尔,900,
900694,塞拉利昂,900,
900702,新加坡,900,
900704,越南,900,
900706,索马里,900,
900710,南非(阿札尼亚),900,
900716,津巴布韦,900,
900720,民主也门,900,
900724,西班牙,900,
900732,西撒哈拉,900,
900736,苏丹,900,
900740,苏里南,900,
900744,斯瓦巴德群岛,900,
900748,斯威士兰,900,
900752,瑞典,900,
900756,瑞士,900,
900760,叙利亚,900,
900764,泰国,900,
900768,多哥,900,
900772,托克劳,900,
900776,汤加,900,
900780,特立尼达和多哥巴,900,
900784,阿拉伯联合酋长国,900,
900788,突尼斯,900,
900792,土耳其,900,
900796,特克斯和凯特斯群岛,900,
900798,图瓦卢,900,
900800,乌干达,900,
900804,乌克兰,900,
900810,苏联,900,
900818,埃及,900,
900826,英国,900,
900834,坦桑尼亚,900,
900840,美国,900,
900849,美属太平洋群岛,900,
900850,美属威尔京群岛,900,
900854,上沃尔特,900,
900858,乌拉圭,900,
900862,委内瑞拉,900,
900872,威克岛,900,
900876,瓦利斯和富图纳群岛,900,
900882,西萨摩亚,900,
900886,也门,900,
900890,南斯拉夫,900,
900894,赞比亚,900,
900900,国家和地区不明,900,
